timestamp,egg_id,x1,y1,x2,y2,confidence,class,diameter_px,diameter_mm,size_category,weight_g,grade
2026-07-21T18:36:24.271851,0,16,5,1896,908,0.3808,Not Damaged,1880,169.2,Large,80,A
2026-07-21T18:36:24.355597,1,14,273,1908,1080,0.3527,Damaged,1894,170.46,Large,80,Reject
2026-07-21T18:36:24.542644,2,0,0,1917,456,0.5203,Damaged,1917,172.53,Large,80,Reject
2026-07-21T18:36:24.627444,3,14,1,1920,556,0.7798,Not Damaged,1906,171.54,Large,80,A
2026-07-21T18:36:24.709401,4,13,0,1920,665,0.8547,Not Damaged,1907,171.63,Large,80,A
2026-07-21T18:36:24.793527,4,9,4,1920,748,0.825,Not Damaged,1911,171.99,Large,80,A
2026-07-21T18:36:24.883991,4,7,3,1918,787,0.8602,Not Damaged,1911,171.99,Large,80,A
2026-07-21T18:36:24.965203,0,6,3,1909,829,0.8342,Not Damaged,1903,171.27,Large,80,A
2026-07-21T18:36:25.050259,0,2,2,1911,909,0.8388,Not Damaged,1909,171.81,Large,80,A
2026-07-21T18:36:25.132065,0,2,3,1907,923,0.8385,Not Damaged,1905,171.45,Large,80,A
2026-07-21T18:36:25.214198,0,3,3,1910,859,0.7933,Not Damaged,1907,171.63,Large,80,A
2026-07-21T18:36:25.315399,0,11,4,1913,763,0.8372,Not Damaged,1902,171.18,Large,80,A
2026-07-21T18:36:25.315480,5,7,0,1868,1080,0.3953,Not Damaged,1861,167.49,Large,80,A
2026-07-21T18:36:25.391109,0,11,2,1919,705,0.8512,Not Damaged,1908,171.72,Large,80,A
2026-07-21T18:36:25.504209,2,1,2,1912,478,0.5786,Not Damaged,1911,171.99,Large,80,A
2026-07-21T18:36:25.679362,5,8,31,1897,1075,0.4219,Damaged,1889,170.01,Large,80,Reject
2026-07-21T18:36:25.763563,5,11,0,1894,1080,0.659,Damaged,1883,169.47,Large,80,Reject
2026-07-21T18:36:25.842573,5,0,0,1908,1080,0.9193,Damaged,1908,171.72,Large,80,Reject
2026-07-21T18:36:25.932088,5,0,3,1916,1080,0.9359,Damaged,1916,172.44,Large,80,Reject
2026-07-21T18:36:26.013670,5,4,3,1920,1080,0.9429,Damaged,1916,172.44,Large,80,Reject
2026-07-21T18:36:26.094950,5,13,0,1920,1080,0.9327,Damaged,1907,171.63,Large,80,Reject
2026-07-21T18:36:26.180413,5,9,0,1920,1080,0.9253,Damaged,1911,171.99,Large,80,Reject
2026-07-21T18:36:26.261547,5,18,0,1920,1080,0.8797,Damaged,1902,171.18,Large,80,Reject
2026-07-21T18:36:26.346110,5,15,0,1918,1080,0.8836,Damaged,1903,171.27,Large,80,Reject
2026-07-21T18:36:26.429153,5,11,1,1919,1080,0.9123,Damaged,1908,171.72,Large,80,Reject
2026-07-21T18:36:26.512826,5,17,8,1910,1080,0.7479,Damaged,1893,170.37,Large,80,Reject
2026-07-21T18:36:26.595686,5,42,9,1920,1080,0.8621,Damaged,1878,169.02,Large,80,Reject
2026-07-21T18:36:26.679593,5,5,0,1920,1080,0.8447,Damaged,1915,172.35,Large,80,Reject
2026-07-21T18:36:26.761434,5,27,42,1919,1079,0.8289,Damaged,1892,170.28,Large,80,Reject
2026-07-21T18:36:26.844463,5,54,38,1914,1077,0.9184,Damaged,1860,167.4,Large,80,Reject
2026-07-21T18:36:26.925503,6,326,29,1746,1080,0.9462,Damaged,1420,127.8,Large,80,Reject
2026-07-21T18:36:27.009758,6,313,5,1816,1080,0.9665,Damaged,1503,135.27,Large,80,Reject
2026-07-21T18:36:27.093298,6,248,1,1877,1080,0.966,Damaged,1629,146.61,Large,80,Reject
2026-07-21T18:36:27.179524,5,10,0,1902,1080,0.9726,Damaged,1892,170.28,Large,80,Reject
2026-07-21T18:36:27.259873,5,16,37,1911,1080,0.9591,Damaged,1895,170.55,Large,80,Reject
2026-07-21T18:36:27.354632,7,539,37,1831,1080,0.9449,Damaged,1292,116.28,Large,80,Reject
2026-07-21T18:36:27.354722,8,2,19,581,1072,0.3127,Damaged,1053,94.77,Large,80,Reject
2026-07-21T18:36:27.476584,7,541,61,1878,1080,0.9428,Damaged,1337,120.33,Large,80,Reject
2026-07-21T18:36:27.476668,8,0,0,540,1074,0.7645,Damaged,1074,96.66,Large,80,Reject
2026-07-21T18:36:27.557490,7,529,68,1872,1080,0.9193,Damaged,1343,120.87,Large,80,Reject
2026-07-21T18:36:27.675505,7,534,87,1910,1080,0.8803,Damaged,1376,123.84,Large,80,Reject
2026-07-21T18:36:27.757118,9,425,117,1919,1080,0.7732,Damaged,1494,134.46,Large,80,Reject
2026-07-21T18:36:27.842978,9,442,153,1916,1080,0.5636,Damaged,1474,132.66,Large,80,Reject
2026-07-21T18:36:27.925928,10,5,184,1906,1080,0.5905,Damaged,1901,171.09,Large,80,Reject
2026-07-21T18:36:28.017812,5,1,0,1919,1080,0.893,Damaged,1918,172.62,Large,80,Reject
2026-07-21T18:36:28.135275,5,10,68,1913,1080,0.8268,Damaged,1903,171.27,Large,80,Reject
2026-07-21T18:36:28.218228,5,3,43,1909,1080,0.8292,Damaged,1906,171.54,Large,80,Reject
2026-07-21T18:36:28.298696,11,6,284,1907,1080,0.8321,Damaged,1901,171.09,Large,80,Reject
2026-07-21T18:36:28.414221,5,0,0,1920,1080,0.5899,Damaged,1920,172.8,Large,80,Reject
2026-07-21T18:36:28.414303,11,6,297,1899,1080,0.8292,Damaged,1893,170.37,Large,80,Reject
2026-07-21T18:36:28.414329,12,356,322,1666,1080,0.3974,Damaged,1310,117.9,Large,80,Reject
2026-07-21T18:36:28.520013,10,8,264,1891,1080,0.8233,Damaged,1883,169.47,Large,80,Reject
2026-07-21T18:36:28.520097,11,335,330,1639,1080,0.3139,Damaged,1304,117.36,Large,80,Reject
2026-07-21T18:36:28.644795,10,9,253,1876,1080,0.7962,Damaged,1867,168.03,Large,80,Reject
2026-07-21T18:36:28.644875,11,382,291,1650,1080,0.364,Damaged,1268,114.12,Large,80,Reject
2026-07-21T18:36:28.803576,5,0,35,1920,1080,0.3882,Damaged,1920,172.8,Large,80,Reject
2026-07-21T18:36:28.803652,10,6,316,1822,1080,0.5775,Damaged,1816,163.44,Large,80,Reject
2026-07-21T18:36:28.803680,13,32,416,1425,1080,0.4977,Damaged,1393,125.37,Large,80,Reject
2026-07-21T18:36:28.803701,14,2,2,1082,1073,0.3056,Damaged,1080,97.2,Large,80,Reject
2026-07-21T18:36:28.898569,5,0,0,1920,1080,0.7966,Damaged,1920,172.8,Large,80,Reject
2026-07-21T18:36:28.898644,15,0,258,1392,1080,0.5237,Damaged,1392,125.28,Large,80,Reject
2026-07-21T18:36:29.034998,16,0,4,1416,1080,0.517,Damaged,1416,127.44,Large,80,Reject
2026-07-21T18:36:29.035174,17,1458,12,1920,1073,0.4809,Not Damaged,1061,95.49,Large,80,A
2026-07-21T18:36:29.035216,18,1251,9,1918,1080,0.3919,Not Damaged,1071,96.39,Large,80,A
2026-07-21T18:36:29.145147,14,0,0,1014,1075,0.551,Not Damaged,1075,96.75,Large,80,A
2026-07-21T18:36:29.145219,18,1294,5,1920,1077,0.3489,Not Damaged,1072,96.48,Large,80,A
2026-07-21T18:36:29.269724,14,0,0,923,1073,0.5878,Not Damaged,1073,96.57,Large,80,A
2026-07-21T18:36:29.269809,17,1481,8,1920,1063,0.3082,Not Damaged,1055,94.95,Large,80,A
2026-07-21T18:36:29.378560,19,0,0,1265,1071,0.5285,Damaged,1265,113.85,Large,80,Reject
2026-07-21T18:36:29.464806,19,5,0,1212,1071,0.6508,Damaged,1207,108.63,Large,80,Reject
2026-07-21T18:36:29.547187,14,0,2,890,1071,0.4263,Not Damaged,1069,96.21,Large,80,A
2026-07-21T18:36:29.630600,14,0,3,886,1067,0.4506,Not Damaged,1064,95.76,Large,80,A
2026-07-21T18:36:29.715569,16,0,14,1489,1074,0.6639,Damaged,1489,134.01,Large,80,Reject
2026-07-21T18:36:29.798723,19,0,1,1149,1074,0.4457,Not Damaged,1149,103.41,Large,80,A
2026-07-21T18:36:29.893391,14,0,8,794,1075,0.3782,Not Damaged,1067,96.03,Large,80,A
2026-07-21T18:36:29.893468,19,0,5,1168,1074,0.389,Not Damaged,1168,105.12,Large,80,A
2026-07-21T18:36:30.004960,14,0,11,851,1073,0.4671,Not Damaged,1062,95.58,Large,80,A
2026-07-21T18:36:30.090658,14,0,8,769,1074,0.5101,Not Damaged,1066,95.94,Large,80,A
2026-07-21T18:36:30.176764,14,0,10,783,1075,0.5173,Not Damaged,1065,95.85,Large,80,A
2026-07-21T18:36:30.256685,14,0,18,737,1077,0.4262,Not Damaged,1059,95.31,Large,80,A
2026-07-21T18:36:30.342036,14,0,18,723,1076,0.3703,Not Damaged,1058,95.22,Large,80,A
2026-07-21T18:36:30.420793,14,0,17,730,1076,0.4314,Not Damaged,1059,95.31,Large,80,A
2026-07-21T18:36:30.503939,14,0,11,743,1074,0.4392,Not Damaged,1063,95.67,Large,80,A
2026-07-21T18:36:30.587560,14,0,12,725,1073,0.4659,Not Damaged,1061,95.49,Large,80,A
2026-07-21T18:36:30.672776,14,0,11,702,1074,0.4265,Not Damaged,1063,95.67,Large,80,A
2026-07-21T18:36:30.754507,14,0,12,697,1075,0.4359,Not Damaged,1063,95.67,Large,80,A
2026-07-21T18:36:30.836593,14,0,15,658,1064,0.4527,Not Damaged,1049,94.41,Large,80,A
2026-07-21T18:36:30.926689,14,0,30,674,1068,0.3131,Not Damaged,1038,93.42,Large,80,A
2026-07-21T18:36:31.089899,20,0,27,1002,1080,0.4728,Not Damaged,1053,94.77,Large,80,A
2026-07-21T18:36:31.184940,17,1508,2,1920,1070,0.4542,Not Damaged,1068,96.12,Large,80,A
2026-07-21T18:36:31.185021,20,0,30,999,1080,0.5518,Not Damaged,1050,94.5,Large,80,A
2026-07-21T18:36:31.309097,17,1518,2,1920,1071,0.3234,Not Damaged,1069,96.21,Large,80,A
2026-07-21T18:36:31.309181,21,0,100,882,1080,0.7351,Damaged,980,88.2,Large,80,Reject
2026-07-21T18:36:31.443089,17,1504,3,1920,1065,0.3061,Not Damaged,1062,95.58,Large,80,A
2026-07-21T18:36:31.443177,22,3,177,641,1080,0.5658,Not Damaged,903,81.27,Large,80,A
2026-07-21T18:36:31.443201,23,1,174,327,1080,0.548,Not Damaged,906,81.54,Large,80,A
2026-07-21T18:36:31.544609,24,0,190,524,1080,0.4356,Not Damaged,890,80.1,Large,80,A
2026-07-21T18:36:31.627886,22,3,177,599,1080,0.4217,Not Damaged,903,81.27,Large,80,A
2026-07-21T18:36:31.724032,22,2,191,610,1080,0.3533,Not Damaged,889,80.01,Large,80,A
2026-07-21T18:36:31.724111,24,2,178,427,1080,0.3218,Not Damaged,902,81.18,Large,80,A
2026-07-21T18:36:31.838510,22,2,173,613,1080,0.392,Not Damaged,907,81.63,Large,80,A
2026-07-21T18:36:31.919329,22,2,164,640,1080,0.4433,Not Damaged,916,82.44,Large,80,A
2026-07-21T18:36:32.000511,22,2,165,570,1080,0.441,Not Damaged,915,82.35,Large,80,A
2026-07-21T18:36:32.080498,22,2,170,559,1080,0.4725,Not Damaged,910,81.9,Large,80,A
2026-07-21T18:36:32.167524,22,2,184,594,1080,0.5283,Not Damaged,896,80.64,Large,80,A
2026-07-21T18:36:32.252718,22,2,171,592,1080,0.5404,Not Damaged,909,81.81,Large,80,A
2026-07-21T18:36:32.336170,22,3,177,554,1080,0.4122,Not Damaged,903,81.27,Large,80,A
2026-07-21T18:36:32.429462,17,1527,1,1920,1063,0.3169,Not Damaged,1062,95.58,Large,80,A
2026-07-21T18:36:32.429546,23,2,175,403,1080,0.3783,Not Damaged,905,81.45,Large,80,A
2026-07-21T18:36:32.524518,17,1528,2,1920,1063,0.3209,Not Damaged,1061,95.49,Large,80,A
2026-07-21T18:36:32.524597,23,3,177,438,1080,0.3255,Not Damaged,903,81.27,Large,80,A
2026-07-21T18:36:32.524620,25,0,181,777,1080,0.3443,Damaged,899,80.91,Large,80,Reject
2026-07-21T18:36:32.644476,17,1534,4,1920,1062,0.3136,Not Damaged,1058,95.22,Large,80,A
2026-07-21T18:36:32.644557,26,0,187,660,1080,0.4776,Not Damaged,893,80.37,Large,80,A
2026-07-21T18:36:32.761737,17,1536,4,1920,1064,0.416,Not Damaged,1060,95.4,Large,80,A
2026-07-21T18:36:32.761827,22,3,196,492,1080,0.3745,Not Damaged,884,79.56,Large,80,A
2026-07-21T18:36:32.849140,17,1576,4,1920,1066,0.4003,Not Damaged,1062,95.58,Large,80,A
2026-07-21T18:36:32.849225,25,1,184,720,1080,0.3609,Damaged,896,80.64,Large,80,Reject
2026-07-21T18:36:32.971059,17,1582,4,1920,1064,0.5059,Not Damaged,1060,95.4,Large,80,A
2026-07-21T18:36:32.971150,22,3,179,577,1080,0.3197,Damaged,901,81.09,Large,80,Reject
2026-07-21T18:36:33.045238,17,1598,6,1920,1062,0.4739,Not Damaged,1056,95.04,Large,80,A
2026-07-21T18:36:33.127271,17,1592,7,1920,1063,0.4158,Not Damaged,1056,95.04,Large,80,A
2026-07-21T18:36:33.208726,17,1591,7,1920,1064,0.3987,Not Damaged,1057,95.13,Large,80,A
2026-07-21T18:36:33.306087,17,1593,5,1920,1064,0.4648,Not Damaged,1059,95.31,Large,80,A
2026-07-21T18:36:33.306171,22,3,177,593,1080,0.5053,Damaged,903,81.27,Large,80,Reject
2026-07-21T18:36:33.441247,17,1540,3,1920,1072,0.4867,Not Damaged,1069,96.21,Large,80,A
2026-07-21T18:36:33.441338,22,2,172,564,1080,0.3206,Not Damaged,908,81.72,Large,80,A
2026-07-21T18:36:33.441362,23,0,163,477,1080,0.3656,Not Damaged,917,82.53,Large,80,A
2026-07-21T18:36:33.880559,22,1,169,506,1080,0.3115,Not Damaged,911,81.99,Large,80,A
2026-07-21T18:36:34.384941,22,1,183,485,1079,0.3256,Not Damaged,896,80.64,Large,80,A
2026-07-21T18:36:34.467332,22,1,184,531,1080,0.3658,Not Damaged,896,80.64,Large,80,A
2026-07-21T18:36:34.542673,22,1,160,436,1079,0.4707,Not Damaged,919,82.71,Large,80,A
2026-07-21T18:36:34.633683,27,1,184,1068,1080,0.3356,Damaged,1067,96.03,Large,80,Reject
2026-07-21T18:36:34.729369,28,0,167,960,1080,0.3504,Not Damaged,960,86.4,Large,80,A
2026-07-21T18:36:34.835821,26,2,165,596,1080,0.398,Not Damaged,915,82.35,Large,80,A
2026-07-21T18:36:35.088347,26,1,166,606,1080,0.3211,Not Damaged,914,82.26,Large,80,A
2026-07-21T18:36:35.169415,25,0,178,710,1080,0.3077,Not Damaged,902,81.18,Large,80,A
2026-07-21T18:36:35.252933,25,0,173,693,1080,0.3365,Not Damaged,907,81.63,Large,80,A
2026-07-21T18:36:35.334961,25,0,149,598,1080,0.3573,Not Damaged,931,83.79,Large,80,A
2026-07-21T18:36:35.418427,25,0,108,635,1080,0.3275,Not Damaged,972,87.48,Large,80,A
2026-07-21T18:36:35.592142,25,1,109,610,1080,0.3462,Not Damaged,971,87.39,Large,80,A
2026-07-21T18:36:35.668057,29,0,90,742,1080,0.3764,Not Damaged,990,89.1,Large,80,A
2026-07-21T18:36:35.930444,17,1468,2,1920,1059,0.3783,Not Damaged,1057,95.13,Large,80,A
2026-07-21T18:36:35.930522,30,1455,4,1920,1057,0.3299,Not Damaged,1053,94.77,Large,80,A
2026-07-21T18:36:36.002369,31,1102,1,1919,1061,0.6474,Not Damaged,1060,95.4,Large,80,A
2026-07-21T18:36:36.106768,31,1106,3,1920,1058,0.5385,Not Damaged,1055,94.95,Large,80,A
2026-07-21T18:36:36.106856,32,991,5,1918,1058,0.3074,Not Damaged,1053,94.77,Large,80,A
2026-07-21T18:36:36.216047,31,1138,3,1920,1068,0.6588,Damaged,1065,95.85,Large,80,Reject
2026-07-21T18:36:36.305980,17,1459,1,1920,1066,0.5201,Not Damaged,1065,95.85,Large,80,A
2026-07-21T18:36:36.306062,31,1175,1,1920,1069,0.5986,Damaged,1068,96.12,Large,80,Reject
2026-07-21T18:36:36.431328,17,1433,0,1920,1067,0.5313,Not Damaged,1067,96.03,Large,80,A
2026-07-21T18:36:36.431405,31,1114,1,1920,1069,0.608,Damaged,1068,96.12,Large,80,Reject
2026-07-21T18:36:36.570756,17,1456,1,1920,1072,0.3695,Not Damaged,1071,96.39,Large,80,A
2026-07-21T18:36:36.570834,31,1092,0,1919,1073,0.4011,Damaged,1073,96.57,Large,80,Reject
2026-07-21T18:36:36.570859,32,1035,0,1920,1075,0.3152,Damaged,1075,96.75,Large,80,Reject
2026-07-21T18:36:36.679877,17,1525,3,1920,1067,0.3941,Not Damaged,1064,95.76,Large,80,A
2026-07-21T18:36:36.679955,31,1166,1,1919,1072,0.4497,Damaged,1071,96.39,Large,80,Reject
2026-07-21T18:36:36.765005,17,1527,3,1920,1063,0.4779,Not Damaged,1060,95.4,Large,80,A
2026-07-21T18:36:36.765087,31,1260,1,1918,1069,0.5247,Damaged,1068,96.12,Large,80,Reject
2026-07-21T18:36:36.890854,17,1537,4,1920,1062,0.4647,Not Damaged,1058,95.22,Large,80,A
2026-07-21T18:36:36.890929,31,1324,2,1918,1069,0.5044,Not Damaged,1067,96.03,Large,80,A
2026-07-21T18:36:37.030218,17,1539,4,1920,1063,0.4162,Not Damaged,1059,95.31,Large,80,A
2026-07-21T18:36:37.030308,30,1370,2,1918,1071,0.4424,Not Damaged,1069,96.21,Large,80,A
2026-07-21T18:36:37.030332,32,1116,4,1918,1059,0.4003,Damaged,1055,94.95,Large,80,Reject
2026-07-21T18:36:37.139227,17,1539,3,1920,1064,0.488,Not Damaged,1061,95.49,Large,80,A
2026-07-21T18:36:37.139311,30,1352,1,1919,1072,0.4995,Not Damaged,1071,96.39,Large,80,A
2026-07-21T18:36:37.224214,17,1540,3,1920,1064,0.4515,Not Damaged,1061,95.49,Large,80,A
2026-07-21T18:36:37.224296,32,1188,4,1918,1059,0.4602,Damaged,1055,94.95,Large,80,Reject
2026-07-21T18:36:37.349605,17,1534,6,1920,1061,0.4604,Not Damaged,1055,94.95,Large,80,A
2026-07-21T18:36:37.349703,31,1232,4,1918,1063,0.4383,Damaged,1059,95.31,Large,80,Reject
2026-07-21T18:36:37.473715,17,1528,6,1920,1063,0.4303,Not Damaged,1057,95.13,Large,80,A
2026-07-21T18:36:37.473812,30,1265,4,1918,1067,0.3947,Not Damaged,1063,95.67,Large,80,A
2026-07-21T18:36:37.602439,17,1499,6,1920,1061,0.531,Not Damaged,1055,94.95,Large,80,A
2026-07-21T18:36:37.602520,31,1162,3,1918,1062,0.4518,Not Damaged,1059,95.31,Large,80,A
2026-07-21T18:36:37.729160,17,1450,3,1920,1057,0.5211,Not Damaged,1054,94.86,Large,80,A
2026-07-21T18:36:37.729242,31,1145,0,1918,1055,0.3223,Not Damaged,1055,94.95,Large,80,A
2026-07-21T18:36:37.839790,17,1470,5,1920,1056,0.3869,Not Damaged,1051,94.59,Large,80,A
2026-07-21T18:36:37.915705,17,1444,4,1920,1052,0.4037,Not Damaged,1048,94.32,Large,80,A
2026-07-21T18:36:38.010758,17,1425,5,1920,1058,0.4401,Not Damaged,1053,94.77,Large,80,A
2026-07-21T18:36:38.010842,33,1602,9,1917,1055,0.3094,Not Damaged,1046,94.14,Large,80,A
2026-07-21T18:36:38.094705,17,1495,4,1920,1050,0.5312,Not Damaged,1046,94.14,Large,80,A
2026-07-21T18:36:38.094789,34,0,277,510,1080,0.3247,Not Damaged,803,72.27,Large,80,A
2026-07-21T18:36:38.165494,17,1488,4,1920,1054,0.4934,Not Damaged,1050,94.5,Large,80,A
2026-07-21T18:36:38.249239,17,1522,4,1920,1052,0.3824,Not Damaged,1048,94.32,Large,80,A
2026-07-21T18:36:38.333961,17,1494,4,1920,1058,0.4839,Not Damaged,1054,94.86,Large,80,A
2026-07-21T18:36:38.418215,17,1511,4,1920,1060,0.4731,Not Damaged,1056,95.04,Large,80,A
2026-07-21T18:36:38.501501,17,1517,2,1920,1070,0.6123,Not Damaged,1068,96.12,Large,80,A
2026-07-21T18:36:38.584422,17,1471,4,1920,1066,0.7553,Not Damaged,1062,95.58,Large,80,A
2026-07-21T18:36:38.681734,17,1477,7,1920,1058,0.3422,Not Damaged,1051,94.59,Large,80,A
2026-07-21T18:36:38.681807,30,1293,6,1919,1071,0.5397,Not Damaged,1065,95.85,Large,80,A
2026-07-21T18:36:38.793571,30,1373,0,1920,1071,0.3809,Not Damaged,1071,96.39,Large,80,A
2026-07-21T18:36:38.876626,17,1405,4,1920,1070,0.5233,Not Damaged,1066,95.94,Large,80,A
2026-07-21T18:36:38.982230,17,1469,8,1920,1061,0.4179,Not Damaged,1053,94.77,Large,80,A
2026-07-21T18:36:38.982306,35,330,5,835,706,0.4892,Not Damaged,701,63.09,Large,80,A
2026-07-21T18:36:38.982330,36,179,6,788,705,0.4245,Not Damaged,699,62.91,Large,80,A
2026-07-21T18:36:39.097251,17,1460,4,1920,1064,0.3979,Not Damaged,1060,95.4,Large,80,A
2026-07-21T18:36:39.097349,35,428,6,768,708,0.3549,Not Damaged,702,63.18,Large,80,A
2026-07-21T18:36:39.208898,17,1443,4,1920,1073,0.5121,Not Damaged,1069,96.21,Large,80,A
2026-07-21T18:36:39.305840,17,1414,4,1920,1061,0.5196,Not Damaged,1057,95.13,Large,80,A
2026-07-21T18:36:39.305928,31,1128,3,1920,1066,0.3136,Not Damaged,1063,95.67,Large,80,A
2026-07-21T18:36:39.394153,31,1109,0,1920,1057,0.3406,Damaged,1057,95.13,Large,80,Reject
2026-07-21T18:36:39.394234,37,1064,0,1920,1052,0.5186,Damaged,1052,94.68,Large,80,Reject
2026-07-21T18:36:39.500915,31,1040,2,1920,1063,0.4958,Not Damaged,1061,95.49,Large,80,A
2026-07-21T18:36:39.613507,31,1087,2,1920,1069,0.3388,Damaged,1067,96.03,Large,80,Reject
2026-07-21T18:36:39.613592,32,1167,2,1920,1074,0.3843,Not Damaged,1072,96.48,Large,80,A
2026-07-21T18:36:39.613616,34,1,191,557,1079,0.3359,Not Damaged,888,79.92,Large,80,A
2026-07-21T18:36:39.734921,17,1410,0,1920,1060,0.3582,Not Damaged,1060,95.4,Large,80,A
2026-07-21T18:36:39.735008,31,1118,0,1919,1065,0.4788,Damaged,1065,95.85,Large,80,Reject
2026-07-21T18:36:39.735032,34,1,266,590,1079,0.316,Not Damaged,813,73.17,Large,80,A
2026-07-21T18:36:39.859138,17,1415,0,1920,1058,0.3096,Not Damaged,1058,95.22,Large,80,A
2026-07-21T18:36:39.859258,31,1164,0,1919,1062,0.4231,Damaged,1062,95.58,Large,80,Reject
2026-07-21T18:36:39.859284,34,1,264,608,1075,0.3596,Not Damaged,811,72.99,Large,80,A
2026-07-21T18:36:39.972914,31,1133,0,1918,1067,0.4756,Damaged,1067,96.03,Large,80,Reject
2026-07-21T18:36:39.973006,38,1,257,495,1076,0.5029,Not Damaged,819,73.71,Large,80,A
2026-07-21T18:36:40.095826,31,1065,2,1917,1067,0.4354,Damaged,1065,95.85,Large,80,Reject
2026-07-21T18:36:40.095924,34,2,251,565,1077,0.6456,Not Damaged,826,74.34,Large,80,A
2026-07-21T18:36:40.181570,31,1083,2,1917,1071,0.4483,Damaged,1069,96.21,Large,80,Reject
2026-07-21T18:36:40.181664,34,2,250,583,1077,0.5898,Not Damaged,827,74.43,Large,80,A
2026-07-21T18:36:40.326867,31,1090,0,1920,1063,0.359,Damaged,1063,95.67,Large,80,Reject
2026-07-21T18:36:40.326948,32,1129,0,1919,1069,0.381,Not Damaged,1069,96.21,Large,80,A
2026-07-21T18:36:40.326971,34,2,246,540,1077,0.6192,Not Damaged,831,74.79,Large,80,A
2026-07-21T18:36:40.431885,31,1151,1,1919,1068,0.4288,Not Damaged,1067,96.03,Large,80,A
2026-07-21T18:36:40.431997,34,2,243,525,1078,0.6458,Not Damaged,835,75.15,Large,80,A
2026-07-21T18:36:40.554562,34,2,237,517,1078,0.627,Not Damaged,841,75.69,Large,80,A
2026-07-21T18:36:40.554674,39,1268,0,1920,1065,0.4598,Not Damaged,1065,95.85,Large,80,A
2026-07-21T18:36:40.653382,31,1207,0,1920,1070,0.4183,Not Damaged,1070,96.3,Large,80,A
2026-07-21T18:36:40.653491,32,1073,1,1920,1063,0.3329,Damaged,1062,95.58,Large,80,Reject
2026-07-21T18:36:40.653516,34,2,238,509,1079,0.6301,Not Damaged,841,75.69,Large,80,A
2026-07-21T18:36:40.778144,30,1299,0,1920,1073,0.349,Not Damaged,1073,96.57,Large,80,A
2026-07-21T18:36:40.778233,32,1037,0,1920,1070,0.3796,Damaged,1070,96.3,Large,80,Reject
2026-07-21T18:36:40.778257,34,2,236,527,1080,0.6146,Not Damaged,844,75.96,Large,80,A
2026-07-21T18:36:40.903191,30,1289,1,1920,1074,0.3367,Not Damaged,1073,96.57,Large,80,A
2026-07-21T18:36:40.903278,32,1029,2,1920,1071,0.497,Damaged,1069,96.21,Large,80,Reject
2026-07-21T18:36:40.903360,34,1,210,557,1078,0.4402,Not Damaged,868,78.12,Large,80,A
2026-07-21T18:36:41.028518,31,1149,2,1920,1064,0.3827,Not Damaged,1062,95.58,Large,80,A
2026-07-21T18:36:41.028601,32,1030,1,1920,1053,0.4977,Damaged,1052,94.68,Large,80,Reject
2026-07-21T18:36:41.028625,34,0,193,474,1080,0.4248,Not Damaged,887,79.83,Large,80,A
2026-07-21T18:36:41.140271,31,1122,0,1920,1080,0.3869,Not Damaged,1080,97.2,Large,80,A
2026-07-21T18:36:41.140358,32,1083,0,1920,1076,0.4462,Not Damaged,1076,96.84,Large,80,A
2026-07-21T18:36:41.244162,30,1232,1,1920,1067,0.4429,Not Damaged,1066,95.94,Large,80,A
2026-07-21T18:36:41.244249,31,1130,2,1920,1065,0.3683,Not Damaged,1063,95.67,Large,80,A
2026-07-21T18:36:41.244274,40,0,143,952,1080,0.3493,Damaged,952,85.68,Large,80,Reject
2026-07-21T18:36:41.348706,30,1251,3,1920,1069,0.3802,Not Damaged,1066,95.94,Large,80,A
2026-07-21T18:36:41.348804,31,1065,2,1920,1068,0.4141,Not Damaged,1066,95.94,Large,80,A
2026-07-21T18:36:41.448728,30,1308,3,1920,1067,0.4468,Not Damaged,1064,95.76,Large,80,A
2026-07-21T18:36:41.448810,32,1169,3,1920,1064,0.4006,Not Damaged,1061,95.49,Large,80,A
2026-07-21T18:36:41.448835,41,2,47,511,1080,0.3591,Not Damaged,1033,92.97,Large,80,A
2026-07-21T18:36:41.577945,17,1317,2,1920,1060,0.4368,Not Damaged,1058,95.22,Large,80,A
2026-07-21T18:36:41.578028,30,1288,3,1920,1053,0.3895,Not Damaged,1050,94.5,Large,80,A
2026-07-21T18:36:41.578051,42,2,146,598,1080,0.5558,Not Damaged,934,84.06,Large,80,A
2026-07-21T18:36:41.692435,17,1328,2,1920,1060,0.4062,Not Damaged,1058,95.22,Large,80,A
2026-07-21T18:36:41.692519,30,1275,3,1920,1054,0.4276,Not Damaged,1051,94.59,Large,80,A
2026-07-21T18:36:41.692544,34,1,146,525,1080,0.318,Not Damaged,934,84.06,Large,80,A
2026-07-21T18:36:41.817209,17,1333,2,1920,1060,0.4102,Not Damaged,1058,95.22,Large,80,A
2026-07-21T18:36:41.817305,30,1295,2,1920,1056,0.4008,Not Damaged,1054,94.86,Large,80,A
2026-07-21T18:36:41.817330,34,1,146,528,1080,0.4002,Not Damaged,934,84.06,Large,80,A
2026-07-21T18:36:41.946395,17,1303,2,1920,1060,0.4316,Not Damaged,1058,95.22,Large,80,A
2026-07-21T18:36:41.946482,30,1196,3,1920,1055,0.3343,Not Damaged,1052,94.68,Large,80,A
2026-07-21T18:36:41.946506,34,1,132,508,1080,0.4445,Not Damaged,948,85.32,Large,80,A
2026-07-21T18:36:42.056403,17,1290,2,1920,1058,0.5695,Not Damaged,1056,95.04,Large,80,A
2026-07-21T18:36:42.056486,34,1,156,496,1080,0.3594,Not Damaged,924,83.16,Large,80,A
2026-07-21T18:36:42.179986,17,1307,2,1920,1059,0.5014,Not Damaged,1057,95.13,Large,80,A
2026-07-21T18:36:42.180073,34,1,152,501,1080,0.5267,Not Damaged,928,83.52,Large,80,A
2026-07-21T18:36:42.272103,17,1347,2,1920,1054,0.5299,Not Damaged,1052,94.68,Large,80,A
2026-07-21T18:36:42.272188,34,1,149,514,1080,0.5316,Not Damaged,931,83.79,Large,80,A
2026-07-21T18:36:42.388009,17,1311,3,1920,1066,0.5756,Not Damaged,1063,95.67,Large,80,A
2026-07-21T18:36:42.388135,34,1,147,523,1080,0.3972,Not Damaged,933,83.97,Large,80,A
2026-07-21T18:36:42.471246,17,1267,1,1918,1070,0.4247,Not Damaged,1069,96.21,Large,80,A
2026-07-21T18:36:42.471337,34,1,142,560,1078,0.4619,Not Damaged,936,84.24,Large,80,A
2026-07-21T18:36:42.545654,17,1245,2,1919,1079,0.4846,Not Damaged,1077,96.93,Large,80,A
2026-07-21T18:36:42.651719,17,1242,3,1918,1079,0.3749,Not Damaged,1076,96.84,Large,80,A
2026-07-21T18:36:42.651840,30,1275,7,1920,1073,0.3688,Not Damaged,1066,95.94,Large,80,A
2026-07-21T18:36:42.651865,42,0,88,657,1077,0.4397,Not Damaged,989,89.01,Large,80,A
2026-07-21T18:36:42.799061,17,1269,2,1920,1063,0.4295,Not Damaged,1061,95.49,Large,80,A
2026-07-21T18:36:42.799168,31,1152,3,1920,1072,0.4223,Damaged,1069,96.21,Large,80,Reject
2026-07-21T18:36:42.799192,43,1,30,797,1079,0.5115,Damaged,1049,94.41,Large,80,Reject
2026-07-21T18:36:42.799211,44,0,48,1068,1079,0.3069,Damaged,1068,96.12,Large,80,Reject
2026-07-21T18:36:42.918182,31,1117,1,1918,1074,0.4712,Not Damaged,1073,96.57,Large,80,A
2026-07-21T18:36:42.918269,45,0,20,956,1072,0.5912,Damaged,1052,94.68,Large,80,Reject
2026-07-21T18:36:42.918348,46,915,2,1920,1076,0.539,Damaged,1074,96.66,Large,80,Reject
2026-07-21T18:36:42.918370,47,3,0,619,1061,0.4442,Not Damaged,1061,95.49,Large,80,A
2026-07-21T18:36:43.044413,31,1052,3,1920,1074,0.529,Not Damaged,1071,96.39,Large,80,A
2026-07-21T18:36:43.044501,45,0,36,926,1080,0.326,Damaged,1044,93.96,Large,80,Reject
2026-07-21T18:36:43.044525,48,0,6,916,1078,0.4233,Damaged,1072,96.48,Large,80,Reject
2026-07-21T18:36:43.044543,49,1023,7,1920,1072,0.3061,Not Damaged,1065,95.85,Large,80,A
2026-07-21T18:36:43.154656,17,1219,3,1919,1059,0.5496,Not Damaged,1056,95.04,Large,80,A
2026-07-21T18:36:43.154745,30,1218,9,1920,1061,0.4197,Not Damaged,1052,94.68,Large,80,A
2026-07-21T18:36:43.154769,45,0,17,951,1078,0.7049,Damaged,1061,95.49,Large,80,Reject
2026-07-21T18:36:43.280990,17,1241,3,1918,1056,0.5002,Not Damaged,1053,94.77,Large,80,A
2026-07-21T18:36:43.281084,31,956,7,1920,1073,0.3187,Damaged,1066,95.94,Large,80,Reject
2026-07-21T18:36:43.281110,45,0,5,963,1073,0.3037,Damaged,1068,96.12,Large,80,Reject
2026-07-21T18:36:43.389898,17,1258,2,1918,1058,0.7059,Not Damaged,1056,95.04,Large,80,A
2026-07-21T18:36:43.389996,45,0,4,958,1076,0.3769,Damaged,1072,96.48,Large,80,Reject
2026-07-21T18:36:43.513508,17,1256,2,1918,1056,0.704,Not Damaged,1054,94.86,Large,80,A
2026-07-21T18:36:43.513594,45,0,8,958,1078,0.4772,Damaged,1070,96.3,Large,80,Reject
2026-07-21T18:36:43.639531,17,1261,2,1918,1055,0.7231,Not Damaged,1053,94.77,Large,80,A
2026-07-21T18:36:43.639618,45,0,10,954,1076,0.323,Damaged,1066,95.94,Large,80,Reject
2026-07-21T18:36:43.712082,17,1264,2,1918,1056,0.722,Not Damaged,1054,94.86,Large,80,A
2026-07-21T18:36:43.807355,17,1251,2,1919,1056,0.6896,Not Damaged,1054,94.86,Large,80,A
2026-07-21T18:36:43.807436,43,0,16,794,1067,0.339,Not Damaged,1051,94.59,Large,80,A
2026-07-21T18:36:43.931722,17,1264,1,1918,1048,0.6462,Not Damaged,1047,94.23,Large,80,A
2026-07-21T18:36:43.931818,45,0,6,901,1070,0.3766,Damaged,1064,95.76,Large,80,Reject
2026-07-21T18:36:44.056042,17,1248,1,1918,1048,0.6611,Not Damaged,1047,94.23,Large,80,A
2026-07-21T18:36:44.056131,43,1,0,732,1064,0.359,Not Damaged,1064,95.76,Large,80,A
2026-07-21T18:36:44.165175,17,1226,1,1918,1048,0.7167,Not Damaged,1047,94.23,Large,80,A
2026-07-21T18:36:44.280984,17,1230,2,1918,1048,0.6174,Not Damaged,1046,94.14,Large,80,A
2026-07-21T18:36:44.281090,30,1237,2,1920,1053,0.3267,Not Damaged,1051,94.59,Large,80,A
2026-07-21T18:36:44.281114,42,2,0,670,1078,0.3964,Not Damaged,1078,97.02,Large,80,A
2026-07-21T18:36:44.390595,17,1241,2,1919,1046,0.6608,Not Damaged,1044,93.96,Large,80,A
2026-07-21T18:36:44.390705,45,1,0,891,1071,0.413,Damaged,1071,96.39,Large,80,Reject
2026-07-21T18:36:44.514130,17,1234,3,1918,1045,0.7763,Not Damaged,1042,93.78,Large,80,A
2026-07-21T18:36:44.514231,45,0,50,878,1080,0.4822,Damaged,1030,92.7,Large,80,Reject
2026-07-21T18:36:44.640047,17,1245,3,1918,1042,0.8049,Not Damaged,1039,93.51,Large,80,A
2026-07-21T18:36:44.640129,43,0,33,797,1079,0.3678,Damaged,1046,94.14,Large,80,Reject
2026-07-21T18:36:44.765339,17,1227,2,1918,1049,0.8106,Not Damaged,1047,94.23,Large,80,A
2026-07-21T18:36:44.765417,42,3,16,668,1074,0.3691,Not Damaged,1058,95.22,Large,80,A
2026-07-21T18:36:44.892321,17,1223,3,1918,1050,0.7758,Not Damaged,1047,94.23,Large,80,A
2026-07-21T18:36:44.892420,43,0,5,886,1077,0.5476,Damaged,1072,96.48,Large,80,Reject
2026-07-21T18:36:44.992918,17,1246,3,1918,1046,0.6874,Not Damaged,1043,93.87,Large,80,A
2026-07-21T18:36:44.993001,31,985,5,1920,1071,0.5005,Damaged,1066,95.94,Large,80,Reject
2026-07-21T18:36:44.993024,43,0,8,895,1080,0.4537,Damaged,1072,96.48,Large,80,Reject
2026-07-21T18:36:45.114758,17,1248,1,1919,1056,0.5313,Not Damaged,1055,94.95,Large,80,A
2026-07-21T18:36:45.114854,30,1183,5,1920,1061,0.3601,Not Damaged,1056,95.04,Large,80,A
2026-07-21T18:36:45.114878,42,2,35,667,1080,0.3839,Not Damaged,1045,94.05,Large,80,A
2026-07-21T18:36:45.238031,17,1230,1,1919,1061,0.4894,Not Damaged,1060,95.4,Large,80,A
2026-07-21T18:36:45.238118,31,936,1,1920,1065,0.4929,Damaged,1064,95.76,Large,80,Reject
2026-07-21T18:36:45.238199,43,0,40,936,1080,0.3252,Damaged,1040,93.6,Large,80,Reject
2026-07-21T18:36:45.360838,17,1294,1,1919,1058,0.4451,Not Damaged,1057,95.13,Large,80,A
2026-07-21T18:36:45.360922,31,938,0,1920,1073,0.4448,Damaged,1073,96.57,Large,80,Reject
2026-07-21T18:36:45.360946,50,1,106,759,1080,0.3112,Damaged,974,87.66,Large,80,Reject
2026-07-21T18:36:45.498912,17,1294,3,1920,1069,0.3686,Not Damaged,1066,95.94,Large,80,A
2026-07-21T18:36:45.499023,34,1,129,611,1077,0.3645,Not Damaged,948,85.32,Large,80,A
2026-07-21T18:36:45.499047,49,1055,3,1920,1075,0.5879,Damaged,1072,96.48,Large,80,Reject
2026-07-21T18:36:45.499066,51,0,183,989,1080,0.4225,Damaged,989,89.01,Large,80,Reject
2026-07-21T18:36:45.598658,17,1359,1,1920,1077,0.5252,Not Damaged,1076,96.84,Large,80,A
2026-07-21T18:36:45.598746,49,1052,0,1920,1078,0.7503,Damaged,1078,97.02,Large,80,Reject
2026-07-21T18:36:45.721436,49,1064,0,1920,1064,0.5265,Not Damaged,1064,95.76,Large,80,A
2026-07-21T18:36:45.721536,52,0,194,483,1080,0.3009,Not Damaged,886,79.74,Large,80,A
2026-07-21T18:36:45.821013,17,1365,0,1920,1065,0.509,Not Damaged,1065,95.85,Large,80,A
2026-07-21T18:36:45.821099,30,1097,0,1920,1069,0.5979,Damaged,1069,96.21,Large,80,Reject
2026-07-21T18:36:45.821123,51,0,204,1038,1080,0.4596,Damaged,1038,93.42,Large,80,Reject
2026-07-21T18:36:45.930224,17,1428,4,1918,1070,0.3408,Not Damaged,1066,95.94,Large,80,A
2026-07-21T18:36:45.930309,53,1215,1,1919,1072,0.4487,Not Damaged,1071,96.39,Large,80,A
2026-07-21T18:36:46.056629,17,1375,3,1920,1074,0.6029,Not Damaged,1071,96.39,Large,80,A
2026-07-21T18:36:46.056721,30,1103,5,1920,1069,0.4555,Damaged,1064,95.76,Large,80,Reject
2026-07-21T18:36:46.167652,30,1092,0,1919,1076,0.4139,Damaged,1076,96.84,Large,80,Reject
2026-07-21T18:36:46.264075,17,1393,0,1919,1072,0.331,Damaged,1072,96.48,Large,80,Reject
2026-07-21T18:36:46.264174,30,1073,2,1918,1034,0.323,Damaged,1032,92.88,Large,80,Reject
2026-07-21T18:36:46.388186,17,1468,4,1919,1074,0.4018,Not Damaged,1070,96.3,Large,80,A
2026-07-21T18:36:46.388279,53,1254,5,1920,1048,0.3409,Damaged,1043,93.87,Large,80,Reject
2026-07-21T18:36:46.482713,17,1511,2,1920,1073,0.4448,Not Damaged,1071,96.39,Large,80,A
2026-07-21T18:36:46.482809,30,1093,0,1918,1057,0.3271,Not Damaged,1057,95.13,Large,80,A
2026-07-21T18:36:46.482833,54,1432,2,1920,852,0.3034,Damaged,850,76.5,Large,80,Reject
2026-07-21T18:36:46.681585,55,3,11,421,1080,0.4524,Not Damaged,1069,96.21,Large,80,A
2026-07-21T18:36:46.681676,56,769,18,1338,803,0.3214,Damaged,785,70.65,Large,80,Reject
2026-07-21T18:36:46.803532,55,0,3,498,1079,0.6938,Not Damaged,1076,96.84,Large,80,A
2026-07-21T18:36:46.803624,57,0,3,309,1080,0.3035,Not Damaged,1077,96.93,Large,80,A
2026-07-21T18:36:47.209938,17,1518,1,1920,1076,0.4436,Not Damaged,1075,96.75,Large,80,A
2026-07-21T18:36:47.458333,17,1487,0,1920,1078,0.3278,Not Damaged,1078,97.02,Large,80,A
2026-07-21T18:36:47.543714,58,1386,5,1920,1060,0.5847,Not Damaged,1055,94.95,Large,80,A
2026-07-21T18:36:47.626639,30,1106,2,1920,1050,0.6594,Not Damaged,1048,94.32,Large,80,A
2026-07-21T18:36:47.711784,31,866,4,1911,1072,0.3898,Not Damaged,1068,96.12,Large,80,A
2026-07-21T18:36:47.795522,59,525,2,1913,1073,0.4466,Damaged,1388,124.92,Large,80,Reject
2026-07-21T18:36:47.882195,60,113,0,1903,1079,0.579,Damaged,1790,161.1,Large,80,Reject
2026-07-21T18:36:47.967004,61,0,0,1909,1080,0.3639,Damaged,1909,171.81,Large,80,Reject
2026-07-21T18:36:48.130650,62,8,236,1884,1076,0.4426,Damaged,1876,168.84,Large,80,Reject
2026-07-21T18:36:48.214477,62,13,165,1876,1075,0.6504,Damaged,1863,167.67,Large,80,Reject
2026-07-21T18:36:48.298649,62,15,125,1882,1080,0.4675,Not Damaged,1867,168.03,Large,80,A
2026-07-21T18:36:48.377287,50,0,195,805,1077,0.3765,Not Damaged,882,79.38,Large,80,A
2026-07-21T18:36:48.463081,61,2,0,1912,1078,0.5486,Not Damaged,1910,171.9,Large,80,A
2026-07-21T18:36:48.544300,61,6,0,1906,1066,0.5225,Damaged,1900,171.0,Large,80,Reject
2026-07-21T18:36:48.631941,43,2,2,995,1062,0.4572,Damaged,1060,95.4,Large,80,Reject
2026-07-21T18:37:08.342300,61,9,0,1835,1072,0.5834,Not Damaged,1826,164.34,Large,80,A
2026-07-21T18:37:08.424204,63,11,299,1913,1080,0.8156,Damaged,1902,171.18,Large,80,Reject
2026-07-21T18:37:08.508230,63,10,298,1918,1080,0.7477,Damaged,1908,171.72,Large,80,Reject
2026-07-21T18:37:08.603459,64,5,414,1913,1080,0.4717,Damaged,1908,171.72,Large,80,Reject
2026-07-21T18:37:08.712686,61,0,0,1911,1080,0.8301,Damaged,1911,171.99,Large,80,Reject
2026-07-21T18:37:08.791766,65,1007,0,1920,782,0.3907,Damaged,913,82.17,Large,80,Reject
2026-07-21T18:37:08.889331,60,14,0,1907,1080,0.5413,Not Damaged,1893,170.37,Large,80,A
2026-07-21T18:37:08.980035,60,14,0,1917,1080,0.6166,Not Damaged,1903,171.27,Large,80,A
2026-07-21T18:37:09.104397,60,9,0,1911,1080,0.4128,Not Damaged,1902,171.18,Large,80,A
2026-07-21T18:37:09.104489,66,1472,4,1920,958,0.3884,Not Damaged,954,85.86,Large,80,A
2026-07-21T18:37:09.214261,67,0,0,1267,1080,0.4319,Not Damaged,1267,114.03,Large,80,A
2026-07-21T18:37:09.323288,17,1483,5,1920,1052,0.3164,Not Damaged,1047,94.23,Large,80,A
2026-07-21T18:37:09.323389,43,0,25,966,1080,0.3706,Not Damaged,1055,94.95,Large,80,A
2026-07-21T18:37:09.323416,68,1,200,963,1080,0.4778,Not Damaged,962,86.58,Large,80,A
2026-07-21T18:37:09.426620,17,1565,4,1917,1076,0.3566,Damaged,1072,96.48,Large,80,Reject
2026-07-21T18:37:09.527662,17,1564,5,1918,1079,0.3602,Damaged,1074,96.66,Large,80,Reject
2026-07-21T18:37:09.527749,69,458,266,1095,1028,0.5307,Not Damaged,762,68.58,Large,80,A
2026-07-21T18:37:09.527773,70,125,267,1104,1041,0.5221,Damaged,979,88.11,Large,80,Reject
2026-07-21T18:37:09.628957,17,1520,7,1920,1050,0.4395,Not Damaged,1043,93.87,Large,80,A
2026-07-21T18:37:09.731261,17,1476,6,1920,1027,0.5059,Not Damaged,1021,91.89,Large,80,A
2026-07-21T18:37:09.731357,71,1238,6,1918,1058,0.4002,Not Damaged,1052,94.68,Large,80,A
2026-07-21T18:37:09.731382,72,479,324,1015,1079,0.3461,Not Damaged,755,67.95,Large,80,A
2026-07-21T18:37:09.846742,17,1504,7,1920,1004,0.516,Not Damaged,997,89.73,Large,80,A
2026-07-21T18:37:09.846825,70,40,239,1121,1080,0.3399,Damaged,1081,97.29,Large,80,Reject
2026-07-21T18:37:09.948212,17,1511,6,1920,1024,0.4173,Not Damaged,1018,91.62,Large,80,A
2026-07-21T18:37:09.948313,70,34,309,1088,1079,0.4206,Damaged,1054,94.86,Large,80,Reject
2026-07-21T18:37:09.948337,73,517,313,1090,1080,0.3448,Not Damaged,767,69.03,Large,80,A
2026-07-21T18:37:10.065355,17,1540,7,1919,1033,0.3334,Not Damaged,1026,92.34,Large,80,A
2026-07-21T18:37:10.065462,72,331,300,1109,1080,0.3787,Not Damaged,780,70.2,Large,80,A
2026-07-21T18:37:10.181741,69,525,297,1078,1073,0.5241,Not Damaged,776,69.84,Large,80,A
2026-07-21T18:37:10.255198,69,508,295,1092,1076,0.5821,Not Damaged,781,70.29,Large,80,A
2026-07-21T18:37:10.337148,69,514,282,1090,1072,0.6312,Not Damaged,790,71.1,Large,80,A
2026-07-21T18:37:10.433352,69,555,289,1088,1072,0.3518,Not Damaged,783,70.47,Large,80,A
2026-07-21T18:37:10.433449,70,33,292,1084,1078,0.5326,Damaged,1051,94.59,Large,80,Reject
2026-07-21T18:37:10.554952,69,585,298,1089,1073,0.3569,Not Damaged,775,69.75,Large,80,A
2026-07-21T18:37:10.555041,70,43,300,1079,1076,0.6391,Damaged,1036,93.24,Large,80,Reject
2026-07-21T18:37:10.637076,69,537,300,1091,1074,0.3068,Not Damaged,774,69.66,Large,80,A
2026-07-21T18:37:10.637178,74,252,299,1076,1077,0.3311,Damaged,824,74.16,Large,80,Reject
2026-07-21T18:37:10.722061,69,493,314,1082,1080,0.3911,Not Damaged,766,68.94,Large,80,A
2026-07-21T18:37:10.722152,70,68,313,1071,1078,0.3881,Damaged,1003,90.27,Large,80,Reject
2026-07-21T18:37:10.804693,17,1516,6,1920,1036,0.3559,Damaged,1030,92.7,Large,80,Reject
2026-07-21T18:37:10.804777,75,503,293,1203,1077,0.3259,Not Damaged,784,70.56,Large,80,A
2026-07-21T18:37:10.899569,17,1511,6,1920,1037,0.3274,Damaged,1031,92.79,Large,80,Reject
2026-07-21T18:37:10.899668,69,477,319,1084,1080,0.3097,Not Damaged,761,68.49,Large,80,A
2026-07-21T18:37:10.899701,70,75,321,1073,1080,0.3895,Damaged,998,89.82,Large,80,Reject
2026-07-21T18:37:11.015842,17,1511,6,1920,1033,0.3818,Damaged,1027,92.43,Large,80,Reject
2026-07-21T18:37:11.015922,70,22,325,1089,1080,0.7216,Damaged,1067,96.03,Large,80,Reject
2026-07-21T18:37:11.137991,17,1506,5,1920,1032,0.4195,Damaged,1027,92.43,Large,80,Reject
2026-07-21T18:37:11.138083,70,17,325,1114,1080,0.6797,Damaged,1097,98.73,Large,80,Reject
2026-07-21T18:37:11.222762,17,1524,8,1918,1029,0.3453,Damaged,1021,91.89,Large,80,Reject
2026-07-21T18:37:11.222854,70,14,326,1074,1080,0.5129,Damaged,1060,95.4,Large,80,Reject
2026-07-21T18:37:11.346999,17,1488,6,1920,1030,0.4051,Damaged,1024,92.16,Large,80,Reject
2026-07-21T18:37:11.347107,70,2,312,1019,1079,0.505,Damaged,1017,91.53,Large,80,Reject
2026-07-21T18:37:11.429412,17,1487,6,1920,1034,0.3927,Not Damaged,1028,92.52,Large,80,A
2026-07-21T18:37:11.429496,68,5,296,985,1077,0.6041,Damaged,980,88.2,Large,80,Reject
2026-07-21T18:37:11.542011,17,1451,6,1920,1042,0.425,Not Damaged,1036,93.24,Large,80,A
2026-07-21T18:37:11.542098,68,0,283,1016,1080,0.348,Damaged,1016,91.44,Large,80,Reject
2026-07-21T18:37:11.542123,70,0,277,1053,1079,0.4624,Damaged,1053,94.77,Large,80,Reject
2026-07-21T18:37:11.542142,71,1210,6,1918,1060,0.31,Not Damaged,1054,94.86,Large,80,A
2026-07-21T18:37:11.637055,17,1472,6,1920,1073,0.345,Damaged,1067,96.03,Large,80,Reject
2026-07-21T18:37:11.637162,68,3,274,931,1070,0.6497,Damaged,928,83.52,Large,80,Reject
2026-07-21T18:37:11.711424,68,5,274,930,1072,0.6319,Damaged,925,83.25,Large,80,Reject
2026-07-21T18:37:11.805990,17,1445,5,1920,1075,0.3323,Damaged,1070,96.3,Large,80,Reject
2026-07-21T18:37:11.806073,68,3,276,932,1070,0.6166,Damaged,929,83.61,Large,80,Reject
2026-07-21T18:37:11.909068,17,1418,5,1920,1066,0.4515,Damaged,1061,95.49,Large,80,Reject
2026-07-21T18:37:11.909146,68,0,283,949,1076,0.3364,Damaged,949,85.41,Large,80,Reject
2026-07-21T18:37:11.909173,76,0,288,948,1080,0.3555,Damaged,948,85.32,Large,80,Reject
2026-07-21T18:37:12.014229,66,1513,6,1920,1017,0.3672,Damaged,1011,90.99,Large,80,Reject
2026-07-21T18:37:12.014314,77,27,109,1189,1080,0.3933,Not Damaged,1162,104.58,Large,80,A
2026-07-21T18:37:12.126463,66,1519,6,1920,1030,0.3735,Damaged,1024,92.16,Large,80,Reject
2026-07-21T18:37:12.232962,66,1553,4,1918,1030,0.374,Damaged,1026,92.34,Large,80,Reject
2026-07-21T18:37:12.233067,69,296,381,1214,1077,0.3626,Damaged,918,82.62,Large,80,Reject
2026-07-21T18:37:12.233092,72,283,379,1212,1073,0.3155,Damaged,929,83.61,Large,80,Reject
2026-07-21T18:37:12.348898,74,53,323,1273,1036,0.388,Damaged,1220,109.8,Large,80,Reject
2026-07-21T18:37:12.349013,78,99,229,1563,1043,0.3256,Not Damaged,1464,131.76,Large,80,A
2026-07-21T18:37:12.470509,75,238,293,1517,1042,0.3051,Not Damaged,1279,115.11,Large,80,A
2026-07-21T18:37:12.470601,79,695,298,1283,1021,0.319,Not Damaged,723,65.07,Large,80,A
2026-07-21T18:37:12.543478,80,273,302,1236,1026,0.56,Damaged,963,86.67,Large,80,Reject
2026-07-21T18:37:12.625138,80,271,318,1229,1026,0.6932,Damaged,958,86.22,Large,80,Reject
2026-07-21T18:37:12.721746,66,1580,6,1918,982,0.3097,Damaged,976,87.84,Large,80,Reject
2026-07-21T18:37:12.721829,69,274,346,1230,1034,0.6463,Damaged,956,86.04,Large,80,Reject
2026-07-21T18:37:12.802304,66,1517,5,1920,1003,0.3199,Damaged,998,89.82,Large,80,Reject
2026-07-21T18:37:12.802388,81,704,392,1209,1072,0.3214,Not Damaged,680,61.2,Large,80,A
2026-07-21T18:37:12.888461,17,1468,4,1920,1051,0.4587,Damaged,1047,94.23,Large,80,Reject
2026-07-21T18:37:12.888543,72,293,420,1209,1078,0.3856,Damaged,916,82.44,Large,80,Reject
2026-07-21T18:37:12.970792,17,1467,4,1920,1010,0.326,Damaged,1006,90.54,Large,80,Reject
2026-07-21T18:37:12.970879,72,354,443,1229,1074,0.5414,Damaged,875,78.75,Large,80,Reject
2026-07-21T18:37:13.073223,72,383,459,1223,1071,0.5416,Damaged,840,75.6,Large,80,Reject
2026-07-21T18:37:13.073307,82,1365,4,1920,1060,0.4538,Damaged,1056,95.04,Large,80,Reject
2026-07-21T18:37:13.073330,83,1342,3,1918,1074,0.3631,Not Damaged,1071,96.39,Large,80,A
2026-07-21T18:37:13.181425,72,414,451,1219,1046,0.6644,Damaged,805,72.45,Large,80,Reject
2026-07-21T18:37:13.181518,82,1335,3,1918,1074,0.4998,Damaged,1071,96.39,Large,80,Reject
2026-07-21T18:37:13.263592,72,407,442,1212,1026,0.7377,Damaged,805,72.45,Large,80,Reject
2026-07-21T18:37:13.263711,82,1330,3,1918,1066,0.479,Damaged,1063,95.67,Large,80,Reject
2026-07-21T18:37:13.346989,72,400,439,1214,1025,0.6418,Damaged,814,73.26,Large,80,Reject
2026-07-21T18:37:13.347067,82,1318,3,1918,1073,0.5333,Damaged,1070,96.3,Large,80,Reject
2026-07-21T18:37:13.471589,71,1301,3,1918,1061,0.5821,Damaged,1058,95.22,Large,80,Reject
2026-07-21T18:37:13.471676,72,391,444,1217,1026,0.5575,Damaged,826,74.34,Large,80,Reject
2026-07-21T18:37:13.595826,69,363,443,1185,1026,0.5983,Damaged,822,73.98,Large,80,Reject
2026-07-21T18:37:13.595923,71,1288,4,1918,1063,0.614,Damaged,1059,95.31,Large,80,Reject
2026-07-21T18:37:13.679525,69,376,443,1194,1024,0.6297,Damaged,818,73.62,Large,80,Reject
2026-07-21T18:37:13.679630,71,1285,4,1918,1063,0.6029,Damaged,1059,95.31,Large,80,Reject
2026-07-21T18:37:13.768150,69,382,439,1188,1024,0.4019,Damaged,806,72.54,Large,80,Reject
2026-07-21T18:37:13.768244,71,1283,4,1918,1069,0.5625,Damaged,1065,95.85,Large,80,Reject
2026-07-21T18:37:13.907200,71,1284,4,1918,1074,0.563,Damaged,1070,96.3,Large,80,Reject
2026-07-21T18:37:13.907284,77,2,60,1179,1080,0.3007,Not Damaged,1177,105.93,Large,80,A
2026-07-21T18:37:13.907308,84,0,105,1835,1080,0.708,Damaged,1835,165.15,Large,80,Reject
2026-07-21T18:37:14.012610,71,1284,4,1918,1074,0.4601,Damaged,1070,96.3,Large,80,Reject
2026-07-21T18:37:14.012693,78,474,392,1163,930,0.4251,Damaged,689,62.01,Large,80,Reject
2026-07-21T18:37:14.098443,69,485,421,1152,985,0.5654,Damaged,667,60.03,Large,80,Reject
2026-07-21T18:37:14.098535,71,1257,5,1918,1073,0.5768,Damaged,1068,96.12,Large,80,Reject
2026-07-21T18:37:14.186782,71,1190,1,1920,1073,0.527,Damaged,1072,96.48,Large,80,Reject
2026-07-21T18:37:14.186869,85,31,183,1164,1080,0.7219,Not Damaged,1133,101.97,Large,80,A
2026-07-21T18:37:14.303505,69,498,450,1140,1019,0.4889,Damaged,642,57.78,Medium,80,Reject
2026-07-21T18:37:14.304411,71,1229,2,1920,1071,0.616,Damaged,1069,96.21,Large,80,Reject
2026-07-21T18:37:14.391398,69,486,446,1145,1080,0.5521,Damaged,659,59.31,Medium,80,Reject
2026-07-21T18:37:14.391503,71,1250,4,1918,1074,0.6489,Damaged,1070,96.3,Large,80,Reject
2026-07-21T18:37:14.511776,69,473,442,1125,994,0.6299,Damaged,652,58.68,Medium,80,Reject
2026-07-21T18:37:14.511860,71,1233,3,1918,1071,0.48,Damaged,1068,96.12,Large,80,Reject
2026-07-21T18:37:14.609976,69,460,441,1115,1080,0.6412,Damaged,655,58.95,Medium,80,Reject
2026-07-21T18:37:14.610097,71,1223,3,1918,1071,0.6673,Damaged,1068,96.12,Large,80,Reject
2026-07-21T18:37:14.610122,86,98,441,1117,1080,0.5738,Damaged,1019,91.71,Large,80,Reject
2026-07-21T18:37:14.719891,69,451,432,1115,1079,0.547,Damaged,664,59.76,Medium,80,Reject
2026-07-21T18:37:14.719975,71,1223,3,1918,1070,0.643,Damaged,1067,96.03,Large,80,Reject
2026-07-21T18:37:14.805310,71,1230,3,1918,1070,0.628,Damaged,1067,96.03,Large,80,Reject
2026-07-21T18:37:14.805409,72,452,424,1122,966,0.6624,Damaged,670,60.3,Large,80,Reject
2026-07-21T18:37:14.928709,69,434,400,1114,1075,0.4451,Damaged,680,61.2,Large,80,Reject
2026-07-21T18:37:14.928793,71,1226,5,1918,1070,0.5816,Damaged,1065,95.85,Large,80,Reject
2026-07-21T18:37:15.029562,69,413,394,1108,1075,0.4909,Damaged,695,62.55,Large,80,Reject
2026-07-21T18:37:15.029646,71,1211,3,1920,1073,0.4276,Damaged,1070,96.3,Large,80,Reject
2026-07-21T18:37:15.029672,87,1189,4,1920,1070,0.4175,Not Damaged,1066,95.94,Large,80,A
2026-07-21T18:37:15.138550,69,392,388,1078,1046,0.5525,Damaged,686,61.74,Large,80,Reject
2026-07-21T18:37:15.138638,71,1202,5,1918,1070,0.7261,Damaged,1065,95.85,Large,80,Reject
2026-07-21T18:37:15.221219,69,391,386,1076,1023,0.5611,Damaged,685,61.65,Large,80,Reject
2026-07-21T18:37:15.222053,71,1200,5,1918,1070,0.6581,Damaged,1065,95.85,Large,80,Reject
2026-07-21T18:37:15.304922,69,385,389,1073,1028,0.5295,Damaged,688,61.92,Large,80,Reject
2026-07-21T18:37:15.305014,71,1191,5,1918,1070,0.6364,Damaged,1065,95.85,Large,80,Reject
2026-07-21T18:37:15.389126,69,380,394,1066,988,0.3113,Damaged,686,61.74,Large,80,Reject
2026-07-21T18:37:15.389261,71,1172,5,1918,1072,0.5502,Damaged,1067,96.03,Large,80,Reject
2026-07-21T18:37:15.461488,71,1172,5,1918,1070,0.6938,Damaged,1065,95.85,Large,80,Reject
2026-07-21T18:37:15.545143,71,1174,5,1918,1070,0.6986,Damaged,1065,95.85,Large,80,Reject
2026-07-21T18:37:15.628517,71,1170,5,1918,1070,0.6341,Damaged,1065,95.85,Large,80,Reject
2026-07-21T18:37:15.721791,69,348,368,1057,979,0.5883,Damaged,709,63.81,Large,80,Reject
2026-07-21T18:37:15.721875,71,1169,6,1918,1070,0.5049,Damaged,1064,95.76,Large,80,Reject
2026-07-21T18:37:15.807426,69,336,361,1076,951,0.6128,Damaged,740,66.6,Large,80,Reject
2026-07-21T18:37:15.807513,71,1209,6,1918,1070,0.4623,Damaged,1064,95.76,Large,80,Reject
2026-07-21T18:37:15.918825,82,1331,5,1920,1063,0.4896,Damaged,1058,95.22,Large,80,Reject
2026-07-21T18:37:15.999862,17,1398,5,1920,1066,0.4325,Damaged,1061,95.49,Large,80,Reject
2026-07-21T18:37:16.100479,17,1423,5,1920,1063,0.5617,Damaged,1058,95.22,Large,80,Reject
2026-07-21T18:37:16.100580,69,253,299,1089,959,0.3369,Damaged,836,75.24,Large,80,Reject
2026-07-21T18:37:16.218876,17,1519,4,1917,1071,0.3927,Damaged,1067,96.03,Large,80,Reject
2026-07-21T18:37:16.218964,88,263,295,1154,1058,0.4096,Damaged,891,80.19,Large,80,Reject
2026-07-21T18:37:16.292790,17,1423,5,1920,1068,0.4003,Damaged,1063,95.67,Large,80,Reject
2026-07-21T18:37:16.388663,17,1409,5,1920,1062,0.5631,Damaged,1057,95.13,Large,80,Reject
2026-07-21T18:37:16.388748,89,20,308,1064,1080,0.3593,Damaged,1044,93.96,Large,80,Reject
2026-07-21T18:37:16.459432,17,1402,5,1920,1062,0.6329,Damaged,1057,95.13,Large,80,Reject
2026-07-21T18:37:16.556066,17,1416,6,1920,1068,0.4416,Damaged,1062,95.58,Large,80,Reject
2026-07-21T18:37:16.556155,89,19,310,1027,1059,0.6097,Damaged,1008,90.72,Large,80,Reject
2026-07-21T18:37:16.691665,17,1502,7,1920,1074,0.4584,Damaged,1067,96.03,Large,80,Reject
2026-07-21T18:37:16.691761,78,501,283,1176,1078,0.3986,Not Damaged,795,71.55,Large,80,A
2026-07-21T18:37:16.691785,89,21,299,1114,1078,0.5697,Damaged,1093,98.37,Large,80,Reject
2026-07-21T18:37:16.802747,17,1489,6,1920,1066,0.4031,Damaged,1060,95.4,Large,80,Reject
2026-07-21T18:37:16.802836,72,510,304,1098,1079,0.4477,Not Damaged,775,69.75,Large,80,A
2026-07-21T18:37:16.901231,17,1520,6,1920,1005,0.4028,Damaged,999,89.91,Large,80,Reject
2026-07-21T18:37:16.901321,89,2,312,1093,1080,0.4192,Damaged,1091,98.19,Large,80,Reject
2026-07-21T18:37:16.901345,90,2,308,1085,1080,0.3423,Damaged,1083,97.47,Large,80,Reject
2026-07-21T18:37:17.011985,17,1526,6,1920,1032,0.3722,Not Damaged,1026,92.34,Large,80,A
2026-07-21T18:37:17.012090,89,0,268,1082,1079,0.6213,Damaged,1082,97.38,Large,80,Reject
2026-07-21T18:37:17.097877,17,1526,7,1920,1028,0.4097,Not Damaged,1021,91.89,Large,80,A
2026-07-21T18:37:17.097962,88,0,241,1502,1079,0.604,Not Damaged,1502,135.18,Large,80,A
2026-07-21T18:37:17.234984,17,1566,4,1918,1036,0.4055,Not Damaged,1032,92.88,Large,80,A
2026-07-21T18:37:17.235099,85,0,221,1160,1076,0.4421,Damaged,1160,104.4,Large,80,Reject
2026-07-21T18:37:17.235124,88,336,218,1124,1073,0.3066,Not Damaged,855,76.95,Large,80,A
2026-07-21T18:37:17.347307,17,1566,4,1918,1046,0.4177,Not Damaged,1042,93.78,Large,80,A
2026-07-21T18:37:17.347389,85,0,228,1212,1079,0.6115,Damaged,1212,109.08,Large,80,Reject
2026-07-21T18:37:17.431193,17,1580,5,1918,1032,0.3358,Not Damaged,1027,92.43,Large,80,A
2026-07-21T18:37:17.431313,85,0,210,1159,1079,0.5072,Damaged,1159,104.31,Large,80,Reject
2026-07-21T18:37:17.556170,69,163,199,1177,1079,0.4476,Damaged,1014,91.26,Large,80,Reject
2026-07-21T18:37:17.556257,88,223,197,1159,1075,0.3145,Not Damaged,936,84.24,Large,80,A
2026-07-21T18:37:17.628308,85,3,229,1170,1078,0.7849,Damaged,1167,105.03,Large,80,Reject
2026-07-21T18:37:17.710636,89,0,346,1028,1078,0.5304,Not Damaged,1028,92.52,Large,80,A
2026-07-21T18:37:17.805465,89,0,300,1051,1080,0.396,Not Damaged,1051,94.59,Large,80,A
2026-07-21T18:37:17.805557,90,5,303,1064,1080,0.3274,Not Damaged,1059,95.31,Large,80,A
2026-07-21T18:37:17.887863,89,0,220,1041,1079,0.5567,Not Damaged,1041,93.69,Large,80,A
2026-07-21T18:37:17.960973,85,0,202,1102,1078,0.5374,Not Damaged,1102,99.18,Large,80,A
2026-07-21T18:37:18.045248,69,0,210,1366,1078,0.5034,Not Damaged,1366,122.94,Large,80,A
2026-07-21T18:37:18.128298,69,0,129,1350,1078,0.7476,Not Damaged,1350,121.5,Large,80,A
2026-07-21T18:37:18.214252,69,0,73,1280,1078,0.7466,Not Damaged,1280,115.2,Large,80,A
2026-07-21T18:37:18.304454,85,4,118,1152,1080,0.39,Not Damaged,1148,103.32,Large,80,A
2026-07-21T18:37:18.304546,91,0,82,1584,1080,0.7362,Not Damaged,1584,142.56,Large,80,A
2026-07-21T18:37:18.392896,69,3,117,1236,1080,0.5882,Not Damaged,1233,110.97,Large,80,A
2026-07-21T18:37:18.393004,92,16,168,1685,1080,0.7421,Not Damaged,1669,150.21,Large,80,A
2026-07-21T18:37:18.505018,92,0,181,1671,1080,0.7293,Not Damaged,1671,150.39,Large,80,A
2026-07-21T18:37:18.601044,69,3,107,1259,1079,0.5431,Not Damaged,1256,113.04,Large,80,A
2026-07-21T18:37:18.601134,93,0,179,1796,1079,0.6448,Not Damaged,1796,161.64,Large,80,A
2026-07-21T18:37:18.764707,69,6,165,1262,1080,0.4425,Damaged,1256,113.04,Large,80,Reject
2026-07-21T18:37:18.764802,93,0,177,1804,1079,0.5796,Not Damaged,1804,162.36,Large,80,A
2026-07-21T18:37:18.764828,94,0,175,1807,1080,0.4756,Not Damaged,1807,162.63,Large,80,A
2026-07-21T18:37:18.764847,95,8,181,1243,1077,0.3953,Damaged,1235,111.15,Large,80,Reject
2026-07-21T18:37:18.892661,69,0,203,1245,1079,0.5099,Damaged,1245,112.05,Large,80,Reject
2026-07-21T18:37:18.892750,95,6,204,1208,1076,0.3703,Damaged,1202,108.18,Large,80,Reject
2026-07-21T18:37:19.031461,69,70,168,1208,1077,0.3639,Damaged,1138,102.42,Large,80,Reject
2026-07-21T18:37:19.031549,85,2,158,1218,1080,0.5333,Damaged,1216,109.44,Large,80,Reject
2026-07-21T18:37:19.031573,91,0,167,1625,1079,0.3792,Not Damaged,1625,146.25,Large,80,A
2026-07-21T18:37:19.160094,69,15,142,1268,1080,0.3937,Damaged,1253,112.77,Large,80,Reject
2026-07-21T18:37:19.160187,88,0,144,1380,1080,0.3704,Not Damaged,1380,124.2,Large,80,A
2026-07-21T18:37:19.160211,93,0,107,1747,1078,0.587,Not Damaged,1747,157.23,Large,80,A
2026-07-21T18:37:19.268718,69,0,123,1224,1080,0.439,Damaged,1224,110.16,Large,80,Reject
2026-07-21T18:37:19.268814,93,0,90,1742,1079,0.5577,Not Damaged,1742,156.78,Large,80,A
2026-07-21T18:37:19.394987,69,1,85,1206,1080,0.4605,Not Damaged,1205,108.45,Large,80,A
2026-07-21T18:37:19.395087,93,0,82,1774,1080,0.5981,Not Damaged,1774,159.66,Large,80,A
2026-07-21T18:37:19.525887,91,405,132,1242,1080,0.5463,Not Damaged,948,85.32,Large,80,A
2026-07-21T18:37:19.525974,92,401,97,1262,1075,0.3552,Not Damaged,978,88.02,Large,80,A
2026-07-21T18:37:19.525999,96,1,159,429,879,0.3257,Damaged,720,64.8,Large,80,Reject
2026-07-21T18:37:19.629432,69,0,145,1265,1080,0.8023,Damaged,1265,113.85,Large,80,Reject
2026-07-21T18:37:19.711487,94,15,206,1809,1080,0.7225,Not Damaged,1794,161.46,Large,80,A
2026-07-21T18:37:19.795193,72,137,296,1473,1080,0.6042,Damaged,1336,120.24,Large,80,Reject
2026-07-21T18:37:19.877178,97,230,293,1669,1080,0.5501,Not Damaged,1439,129.51,Large,80,A
2026-07-21T18:37:19.974618,97,359,278,1592,1078,0.3564,Damaged,1233,110.97,Large,80,Reject
2026-07-21T18:37:19.974702,98,291,275,1859,1080,0.4805,Not Damaged,1568,141.12,Large,80,A
2026-07-21T18:37:20.096461,69,300,283,893,939,0.6121,Damaged,656,59.04,Medium,80,Reject
2026-07-21T18:37:20.096549,99,900,256,1732,1073,0.5276,Not Damaged,832,74.88,Large,80,A
2026-07-21T18:37:20.191396,99,891,265,1723,1072,0.5142,Not Damaged,832,74.88,Large,80,A
2026-07-21T18:37:20.191486,100,227,47,876,944,0.4979,Not Damaged,897,80.73,Large,80,A
2026-07-21T18:37:20.191510,101,277,170,879,924,0.3335,Not Damaged,754,67.86,Large,80,A
2026-07-21T18:37:20.397856,69,298,282,887,931,0.6526,Damaged,649,58.41,Medium,80,Reject
2026-07-21T18:37:20.397942,85,296,284,885,920,0.4374,Damaged,636,57.24,Medium,80,Reject
2026-07-21T18:37:20.397967,99,890,274,1723,1073,0.4971,Not Damaged,833,74.97,Large,80,A
2026-07-21T18:37:20.517772,69,296,278,887,929,0.5893,Damaged,651,58.59,Medium,80,Reject
2026-07-21T18:37:20.517865,99,885,278,1690,1075,0.4342,Not Damaged,805,72.45,Large,80,A
2026-07-21T18:37:20.646939,69,296,287,884,921,0.4107,Damaged,634,57.06,Medium,80,Reject
2026-07-21T18:37:20.647024,85,297,283,886,932,0.6529,Damaged,649,58.41,Medium,80,Reject
2026-07-21T18:37:20.647048,99,890,277,1721,1073,0.4899,Not Damaged,831,74.79,Large,80,A
2026-07-21T18:37:20.786495,69,296,278,887,927,0.6635,Damaged,649,58.41,Medium,80,Reject
2026-07-21T18:37:20.786578,85,296,280,886,918,0.4032,Damaged,638,57.42,Medium,80,Reject
2026-07-21T18:37:20.786602,99,888,265,1724,1072,0.472,Not Damaged,836,75.24,Large,80,A
2026-07-21T18:37:20.786621,102,897,278,1581,1074,0.3102,Not Damaged,796,71.64,Large,80,A
2026-07-21T18:37:20.885789,69,299,280,888,928,0.6928,Damaged,648,58.32,Medium,80,Reject
2026-07-21T18:37:20.885873,99,894,265,1731,1073,0.5112,Not Damaged,837,75.33,Large,80,A
2026-07-21T18:37:20.975014,69,299,278,887,926,0.7178,Damaged,648,58.32,Medium,80,Reject
2026-07-21T18:37:20.975100,99,893,226,1738,1073,0.4961,Not Damaged,847,76.23,Large,80,A
2026-07-21T18:37:21.102385,69,298,276,886,922,0.6903,Damaged,646,58.14,Medium,80,Reject
2026-07-21T18:37:21.102478,99,892,161,1740,1072,0.5012,Not Damaged,911,81.99,Large,80,A
2026-07-21T18:37:21.242093,69,297,276,887,922,0.6754,Damaged,646,58.14,Medium,80,Reject
2026-07-21T18:37:21.242485,85,297,278,885,915,0.4319,Damaged,637,57.33,Medium,80,Reject
2026-07-21T18:37:21.242515,99,890,234,1728,1072,0.4758,Not Damaged,838,75.42,Large,80,A
2026-07-21T18:37:21.242534,102,901,275,1580,1073,0.3196,Not Damaged,798,71.82,Large,80,A
2026-07-21T18:37:21.367700,69,297,273,887,920,0.6929,Damaged,647,58.23,Medium,80,Reject
2026-07-21T18:37:21.367782,85,296,276,885,914,0.4172,Damaged,638,57.42,Medium,80,Reject
2026-07-21T18:37:21.367805,99,890,173,1730,1072,0.4507,Not Damaged,899,80.91,Large,80,A
2026-07-21T18:37:21.367824,102,901,269,1601,1073,0.3484,Not Damaged,804,72.36,Large,80,A
2026-07-21T18:37:21.565548,69,288,267,870,916,0.7148,Damaged,649,58.41,Medium,80,Reject
2026-07-21T18:37:21.565650,103,863,38,1787,1079,0.4373,Not Damaged,1041,93.69,Large,80,A
2026-07-21T18:37:21.681093,69,295,267,874,914,0.5237,Damaged,647,58.23,Medium,80,Reject
2026-07-21T18:37:21.681195,104,792,37,1746,1079,0.3524,Not Damaged,1042,93.78,Large,80,A
2026-07-21T18:37:21.813329,69,296,273,872,914,0.6015,Damaged,641,57.69,Medium,80,Reject
2026-07-21T18:37:21.813409,85,298,261,878,908,0.316,Damaged,647,58.23,Medium,80,Reject
2026-07-21T18:37:21.813433,102,845,246,1586,1077,0.3158,Not Damaged,831,74.79,Large,80,A
2026-07-21T18:37:21.927899,69,282,276,862,916,0.7017,Damaged,640,57.6,Medium,80,Reject
2026-07-21T18:37:21.927987,105,866,251,1670,1079,0.3476,Not Damaged,828,74.52,Large,80,A
2026-07-21T18:37:22.023779,69,277,283,849,919,0.631,Damaged,636,57.24,Medium,80,Reject
2026-07-21T18:37:22.023879,102,849,281,1502,1076,0.3726,Damaged,795,71.55,Large,80,Reject
2026-07-21T18:37:22.135557,69,277,278,851,916,0.6205,Damaged,638,57.42,Medium,80,Reject
2026-07-21T18:37:22.135651,102,837,274,1507,1077,0.3079,Damaged,803,72.27,Large,80,Reject
2026-07-21T18:37:22.224656,69,276,277,849,915,0.6172,Damaged,638,57.42,Medium,80,Reject
2026-07-21T18:37:22.224761,102,844,271,1508,1076,0.3409,Not Damaged,805,72.45,Large,80,A
2026-07-21T18:37:22.345114,69,277,294,847,922,0.6739,Damaged,628,56.52,Medium,80,Reject
2026-07-21T18:37:22.345204,105,858,232,1670,1073,0.3749,Not Damaged,841,75.69,Large,80,A
2026-07-21T18:37:22.429230,69,269,302,845,932,0.6471,Damaged,630,56.7,Medium,80,Reject
2026-07-21T18:37:22.429320,102,848,297,1538,1074,0.3347,Not Damaged,777,69.93,Large,80,A
2026-07-21T18:37:22.511262,69,281,296,863,929,0.729,Damaged,633,56.97,Medium,80,Reject
2026-07-21T18:37:22.511351,105,860,285,1668,1074,0.3492,Not Damaged,808,72.72,Large,80,A
2026-07-21T18:37:22.584125,69,277,286,856,922,0.4888,Damaged,636,57.24,Medium,80,Reject
2026-07-21T18:37:22.691566,69,274,289,842,923,0.7679,Damaged,634,57.06,Medium,80,Reject
2026-07-21T18:37:22.691656,99,862,119,1711,1074,0.3514,Not Damaged,955,85.95,Large,80,A
2026-07-21T18:37:22.691679,105,858,226,1663,1075,0.4193,Not Damaged,849,76.41,Large,80,A
2026-07-21T18:37:22.815936,69,275,287,845,919,0.7111,Damaged,632,56.88,Medium,80,Reject
2026-07-21T18:37:22.816021,102,860,282,1501,1074,0.4042,Damaged,792,71.28,Large,80,Reject
2026-07-21T18:37:22.816044,105,857,276,1637,1071,0.3305,Not Damaged,795,71.55,Large,80,A
2026-07-21T18:37:23.011688,69,249,316,806,934,0.5121,Damaged,618,55.62,Medium,80,Reject
2026-07-21T18:37:23.011771,98,789,310,1424,1079,0.3708,Damaged,769,69.21,Large,80,Reject
2026-07-21T18:37:23.106612,69,250,309,800,919,0.6473,Damaged,610,54.9,Medium,80,Reject
2026-07-21T18:37:23.106697,98,799,301,1443,1077,0.3517,Not Damaged,776,69.84,Large,80,A
2026-07-21T18:37:23.106721,106,248,305,795,924,0.4095,Damaged,619,55.71,Medium,80,Reject
2026-07-21T18:37:23.239121,69,251,303,808,923,0.3536,Damaged,620,55.8,Medium,80,Reject
2026-07-21T18:37:23.239212,98,815,299,1415,1076,0.4905,Not Damaged,777,69.93,Large,80,A
2026-07-21T18:37:23.239236,106,256,305,807,919,0.6226,Damaged,614,55.26,Medium,80,Reject
2026-07-21T18:37:23.357849,69,250,309,798,919,0.7059,Damaged,610,54.9,Medium,80,Reject
2026-07-21T18:37:23.357945,102,801,295,1574,1074,0.3413,Not Damaged,779,70.11,Large,80,A
2026-07-21T18:37:23.357978,106,248,306,794,924,0.4517,Damaged,618,55.62,Medium,80,Reject
2026-07-21T18:37:23.479673,69,243,304,796,924,0.5458,Damaged,620,55.8,Medium,80,Reject
2026-07-21T18:37:23.479780,98,801,299,1416,1076,0.4478,Not Damaged,777,69.93,Large,80,A
2026-07-21T18:37:23.479810,106,240,308,795,919,0.5837,Damaged,611,54.99,Medium,80,Reject
2026-07-21T18:37:23.607487,69,241,306,791,924,0.529,Damaged,618,55.62,Medium,80,Reject
2026-07-21T18:37:23.607573,98,799,300,1407,1076,0.4539,Not Damaged,776,69.84,Large,80,A
2026-07-21T18:37:23.607597,106,237,309,790,919,0.5931,Damaged,610,54.9,Medium,80,Reject
2026-07-21T18:37:23.729811,69,220,302,787,915,0.5515,Damaged,613,55.17,Medium,80,Reject
2026-07-21T18:37:23.729900,98,797,298,1407,1076,0.461,Not Damaged,778,70.02,Large,80,A
2026-07-21T18:37:23.729924,106,214,303,789,920,0.5097,Damaged,617,55.53,Medium,80,Reject
2026-07-21T18:37:23.853517,69,226,300,792,916,0.6129,Damaged,616,55.44,Medium,80,Reject
2026-07-21T18:37:23.853607,98,797,295,1420,1076,0.358,Damaged,781,70.29,Large,80,Reject
2026-07-21T18:37:23.853630,106,229,300,789,912,0.4564,Damaged,612,55.08,Medium,80,Reject
2026-07-21T18:37:23.978439,69,233,301,793,916,0.5836,Damaged,615,55.35,Medium,80,Reject
2026-07-21T18:37:23.978524,98,798,296,1414,1076,0.4111,Damaged,780,70.2,Large,80,Reject
2026-07-21T18:37:23.978546,106,243,302,789,920,0.477,Damaged,618,55.62,Medium,80,Reject
2026-07-21T18:37:24.108286,69,220,299,787,913,0.5381,Damaged,614,55.26,Medium,80,Reject
2026-07-21T18:37:24.108372,98,797,294,1421,1075,0.3524,Not Damaged,781,70.29,Large,80,A
2026-07-21T18:37:24.108396,106,216,300,789,917,0.552,Damaged,617,55.53,Medium,80,Reject
2026-07-21T18:37:24.220878,69,219,302,792,919,0.3071,Damaged,617,55.53,Medium,80,Reject
2026-07-21T18:37:24.220979,106,233,303,789,920,0.3061,Damaged,617,55.53,Medium,80,Reject
2026-07-21T18:37:24.376595,107,267,302,1420,1080,0.3683,Damaged,1153,103.77,Large,80,Reject
2026-07-21T18:37:24.462640,108,176,313,1383,1080,0.3175,Damaged,1207,108.63,Large,80,Reject
2026-07-21T18:37:24.564439,69,197,306,734,921,0.4021,Damaged,615,55.35,Medium,80,Reject
2026-07-21T18:37:24.564544,98,746,298,1492,1077,0.4477,Not Damaged,779,70.11,Large,80,A
2026-07-21T18:37:24.564569,106,192,308,735,923,0.5164,Damaged,615,55.35,Medium,80,Reject
2026-07-21T18:37:24.676840,69,190,300,753,917,0.6775,Damaged,617,55.53,Medium,80,Reject
2026-07-21T18:37:24.676923,98,755,294,1456,1072,0.3794,Not Damaged,778,70.02,Large,80,A
2026-07-21T18:37:24.763632,69,189,299,773,916,0.6343,Damaged,617,55.53,Medium,80,Reject
2026-07-21T18:37:24.763741,98,759,293,1498,1072,0.3458,Not Damaged,779,70.11,Large,80,A
2026-07-21T18:37:24.897668,69,185,297,773,911,0.3093,Damaged,614,55.26,Medium,80,Reject
2026-07-21T18:37:24.897762,98,756,290,1494,1073,0.3241,Not Damaged,783,70.47,Large,80,A
2026-07-21T18:37:24.897788,106,183,297,768,914,0.6405,Damaged,617,55.53,Medium,80,Reject
2026-07-21T18:37:25.021611,69,215,295,786,913,0.4728,Damaged,618,55.62,Medium,80,Reject
2026-07-21T18:37:25.021698,98,771,284,1555,1074,0.3938,Not Damaged,790,71.1,Large,80,A
2026-07-21T18:37:25.021721,106,216,296,796,913,0.3223,Damaged,617,55.53,Medium,80,Reject
2026-07-21T18:37:25.145858,69,184,290,782,916,0.3869,Damaged,626,56.34,Medium,80,Reject
2026-07-21T18:37:25.145957,98,759,258,1569,1075,0.3583,Not Damaged,817,73.53,Large,80,A
2026-07-21T18:37:25.145987,106,184,290,770,915,0.6385,Damaged,625,56.25,Medium,80,Reject
2026-07-21T18:37:25.250782,107,187,287,1408,1080,0.5562,Damaged,1221,109.89,Large,80,Reject
2026-07-21T18:37:25.334711,109,126,296,1316,1080,0.6431,Damaged,1190,107.1,Large,80,Reject
2026-07-21T18:37:25.419750,110,43,310,1252,1080,0.4813,Damaged,1209,108.81,Large,80,Reject
2026-07-21T18:37:25.531444,110,32,302,1246,1080,0.5665,Damaged,1214,109.26,Large,80,Reject
2026-07-21T18:37:25.531530,111,19,295,1761,1080,0.4032,Not Damaged,1742,156.78,Large,80,A
2026-07-21T18:37:25.531554,112,1578,6,1918,1030,0.3007,Not Damaged,1024,92.16,Large,80,A
2026-07-21T18:37:25.652880,107,240,299,1284,1080,0.4042,Damaged,1044,93.96,Large,80,Reject
2026-07-21T18:37:25.652967,111,514,300,1245,1080,0.3299,Not Damaged,780,70.2,Large,80,A
2026-07-21T18:37:25.652992,113,45,295,1697,1080,0.4025,Not Damaged,1652,148.68,Large,80,A
2026-07-21T18:37:25.749734,114,615,293,1316,1078,0.3569,Not Damaged,785,70.65,Large,80,A
2026-07-21T18:37:25.832980,111,530,297,1229,1076,0.3122,Not Damaged,779,70.11,Large,80,A
2026-07-21T18:37:25.933578,108,27,295,1629,1080,0.3855,Not Damaged,1602,144.18,Large,80,A
2026-07-21T18:37:25.933670,114,546,293,1364,1079,0.341,Not Damaged,818,73.62,Large,80,A
2026-07-21T18:37:26.079164,114,646,287,1328,1071,0.3148,Not Damaged,784,70.56,Large,80,A
2026-07-21T18:37:26.079269,115,104,299,639,915,0.3707,Damaged,616,55.44,Medium,80,Reject
2026-07-21T18:37:26.192314,116,649,29,1678,1074,0.3452,Not Damaged,1045,94.05,Large,80,A
2026-07-21T18:37:26.192399,117,103,190,640,921,0.3252,Not Damaged,731,65.79,Large,80,A
2026-07-21T18:37:26.314532,118,20,127,1271,1067,0.4679,Damaged,1251,112.59,Large,80,Reject
2026-07-21T18:37:26.314668,119,621,103,1300,1029,0.3983,Not Damaged,926,83.34,Large,80,A
2026-07-21T18:37:26.420269,120,641,104,1351,892,0.4185,Not Damaged,788,70.92,Large,80,A
2026-07-21T18:37:26.502172,121,39,124,1279,899,0.3667,Damaged,1240,111.6,Large,80,Reject
2026-07-21T18:37:26.586979,121,97,149,1212,903,0.3818,Damaged,1115,100.35,Large,80,Reject
2026-07-21T18:37:26.683860,112,1571,9,1920,1059,0.3884,Damaged,1050,94.5,Large,80,Reject
2026-07-21T18:37:26.683958,122,22,168,1135,924,0.6753,Damaged,1113,100.17,Large,80,Reject
2026-07-21T18:37:26.830129,123,0,205,843,1080,0.8679,Damaged,875,78.75,Large,80,Reject
2026-07-21T18:37:26.830232,124,1100,6,1920,1075,0.6908,Damaged,1069,96.21,Large,80,Reject
2026-07-21T18:37:26.934812,124,1120,5,1918,1073,0.4366,Damaged,1068,96.12,Large,80,Reject
2026-07-21T18:37:26.934899,125,973,6,1915,1079,0.43,Damaged,1073,96.57,Large,80,Reject
2026-07-21T18:37:27.063677,124,1063,6,1919,1076,0.583,Damaged,1070,96.3,Large,80,Reject
2026-07-21T18:37:27.063793,126,1313,5,1920,1067,0.3299,Damaged,1062,95.58,Large,80,Reject
2026-07-21T18:37:27.209513,115,0,233,749,1078,0.5249,Damaged,845,76.05,Large,80,Reject
2026-07-21T18:37:27.209972,124,984,4,1917,1078,0.5342,Damaged,1074,96.66,Large,80,Reject
2026-07-21T18:37:27.210001,127,0,236,744,1080,0.3866,Damaged,844,75.96,Large,80,Reject
2026-07-21T18:37:27.210021,128,1166,5,1918,1072,0.3846,Damaged,1067,96.03,Large,80,Reject
2026-07-21T18:37:27.308877,124,992,4,1919,1076,0.4817,Damaged,1072,96.48,Large,80,Reject
2026-07-21T18:37:27.308967,125,994,3,1918,1073,0.4832,Damaged,1070,96.3,Large,80,Reject
2026-07-21T18:37:27.455732,124,1008,2,1919,1078,0.4994,Damaged,1076,96.84,Large,80,Reject
2026-07-21T18:37:27.455820,128,1105,3,1918,1073,0.4533,Damaged,1070,96.3,Large,80,Reject
2026-07-21T18:37:27.455845,129,0,246,633,1080,0.6255,Damaged,834,75.06,Large,80,Reject
2026-07-21T18:37:27.455863,130,5,248,633,1080,0.3772,Damaged,832,74.88,Large,80,Reject
2026-07-21T18:37:27.567453,69,0,205,966,1080,0.4763,Damaged,966,86.94,Large,80,Reject
2026-07-21T18:37:27.567553,112,1502,6,1920,1058,0.3654,Damaged,1052,94.68,Large,80,Reject
2026-07-21T18:37:27.567582,126,1411,7,1919,1067,0.3404,Damaged,1060,95.4,Large,80,Reject
2026-07-21T18:37:27.666045,112,1566,8,1920,1059,0.3774,Damaged,1051,94.59,Large,80,Reject
2026-07-21T18:37:27.764524,112,1541,7,1920,1071,0.4026,Damaged,1064,95.76,Large,80,Reject
2026-07-21T18:37:27.764613,118,39,200,1219,1080,0.5335,Damaged,1180,106.2,Large,80,Reject
2026-07-21T18:37:27.876540,131,133,211,1240,1080,0.3929,Damaged,1107,99.63,Large,80,Reject
2026-07-21T18:37:28.294407,132,253,414,780,1029,0.7171,Not Damaged,615,55.35,Medium,80,B
2026-07-21T18:37:28.383117,132,249,402,783,1015,0.7617,Not Damaged,613,55.17,Medium,80,B
2026-07-21T18:37:28.551063,133,83,124,1653,1080,0.5246,Damaged,1570,141.3,Large,80,Reject
2026-07-21T18:37:28.649124,133,13,181,1793,1080,0.5392,Not Damaged,1780,160.2,Large,80,A
2026-07-21T18:37:28.752840,134,628,325,1235,1058,0.3271,Not Damaged,733,65.97,Large,80,A
2026-07-21T18:37:28.833337,135,19,0,617,1080,0.393,Not Damaged,1080,97.2,Large,80,A
2026-07-21T18:37:29.000285,135,15,0,614,1080,0.4361,Not Damaged,1080,97.2,Large,80,A
2026-07-21T18:37:29.085198,135,29,97,598,1080,0.3827,Not Damaged,983,88.47,Large,80,A
2026-07-21T18:37:29.197610,112,1560,8,1920,1058,0.3021,Damaged,1050,94.5,Large,80,Reject
2026-07-21T18:37:29.197717,118,5,120,1259,1065,0.6129,Not Damaged,1254,112.86,Large,80,A
2026-07-21T18:37:29.197748,133,1,141,1792,1071,0.6548,Not Damaged,1791,161.19,Large,80,A
2026-07-21T18:37:29.306207,69,0,161,909,1080,0.6558,Not Damaged,919,82.71,Large,80,A
2026-07-21T18:37:29.306287,136,1242,6,1920,1070,0.7087,Damaged,1064,95.76,Large,80,Reject
2026-07-21T18:37:29.411226,115,1,275,761,1080,0.4802,Not Damaged,805,72.45,Large,80,A
2026-07-21T18:37:29.411321,124,980,5,1916,1073,0.6773,Damaged,1068,96.12,Large,80,Reject
2026-07-21T18:37:29.411347,128,1115,5,1918,1067,0.4368,Damaged,1062,95.58,Large,80,Reject
2026-07-21T18:37:29.547583,115,0,245,796,1080,0.4686,Not Damaged,835,75.15,Large,80,A
2026-07-21T18:37:29.547679,124,968,4,1916,1074,0.6364,Damaged,1070,96.3,Large,80,Reject
2026-07-21T18:37:29.547705,128,1111,5,1918,1067,0.4336,Damaged,1062,95.58,Large,80,Reject
2026-07-21T18:37:29.658005,126,1417,5,1920,1057,0.441,Damaged,1052,94.68,Large,80,Reject
2026-07-21T18:37:29.658108,128,1132,5,1920,1070,0.3834,Damaged,1065,95.85,Large,80,Reject
2026-07-21T18:37:29.658140,137,0,155,926,903,0.4339,Damaged,926,83.34,Large,80,Reject
2026-07-21T18:37:29.753479,126,1321,6,1919,1066,0.3039,Damaged,1060,95.4,Large,80,Reject
2026-07-21T18:37:29.834043,112,1560,4,1918,1072,0.3295,Damaged,1068,96.12,Large,80,Reject
2026-07-21T18:37:29.926556,112,1549,7,1920,1062,0.3843,Damaged,1055,94.95,Large,80,Reject
2026-07-21T18:37:29.926649,138,539,130,1122,623,0.4187,Not Damaged,583,52.47,Medium,72.2,B
2026-07-21T18:37:30.014114,112,1577,4,1918,1075,0.3295,Damaged,1071,96.39,Large,80,Reject
2026-07-21T18:37:30.014220,138,538,142,1119,628,0.4189,Not Damaged,581,52.29,Medium,71.5,B
2026-07-21T18:37:30.146579,112,1579,4,1918,1073,0.3835,Damaged,1069,96.21,Large,80,Reject
2026-07-21T18:37:30.146672,138,542,127,1126,610,0.3962,Damaged,584,52.56,Medium,72.6,Reject
2026-07-21T18:37:30.146696,139,19,550,1132,1080,0.3027,Damaged,1113,100.17,Large,80,Reject
2026-07-21T18:37:30.261858,112,1580,4,1918,1075,0.3791,Damaged,1071,96.39,Large,80,Reject
2026-07-21T18:37:30.261959,138,542,127,1127,612,0.41,Damaged,585,52.65,Medium,73.0,Reject
2026-07-21T18:37:30.346728,112,1578,3,1918,1073,0.3781,Damaged,1070,96.3,Large,80,Reject
2026-07-21T18:37:30.346816,138,542,127,1127,612,0.3889,Damaged,585,52.65,Medium,73.0,Reject
2026-07-21T18:37:30.471176,112,1578,3,1918,1075,0.3821,Damaged,1072,96.48,Large,80,Reject
2026-07-21T18:37:30.545235,112,1578,4,1918,1077,0.3551,Damaged,1073,96.57,Large,80,Reject
2026-07-21T18:37:30.647604,112,1578,4,1917,1077,0.3679,Damaged,1073,96.57,Large,80,Reject
2026-07-21T18:37:30.647744,129,1,333,540,1011,0.5831,Not Damaged,678,61.02,Large,80,A
2026-07-21T18:37:30.647775,140,564,496,1163,1078,0.4577,Not Damaged,599,53.91,Medium,78.3,B
2026-07-21T18:37:30.794910,112,1578,3,1917,1077,0.3356,Damaged,1074,96.66,Large,80,Reject
2026-07-21T18:37:30.795004,135,2,312,548,915,0.3377,Not Damaged,603,54.27,Medium,79.9,B
2026-07-21T18:37:30.795030,140,576,488,1164,1080,0.4988,Not Damaged,592,53.28,Medium,75.6,B
2026-07-21T18:37:30.795050,141,0,0,543,987,0.3054,Not Damaged,987,88.83,Large,80,A
2026-07-21T18:37:30.795068,142,1,0,547,1044,0.3046,Not Damaged,1044,93.96,Large,80,A
2026-07-21T18:37:30.887025,112,1589,5,1917,1080,0.3212,Damaged,1075,96.75,Large,80,Reject
2026-07-21T18:37:30.887107,129,22,329,561,954,0.3837,Not Damaged,625,56.25,Medium,80,B
2026-07-21T18:37:30.959200,112,1538,7,1920,1071,0.3803,Damaged,1064,95.76,Large,80,Reject
2026-07-21T18:37:31.067646,140,615,513,1208,1080,0.3594,Not Damaged,593,53.37,Medium,76.0,B
2026-07-21T18:37:31.067734,141,1,6,581,1046,0.5997,Not Damaged,1040,93.6,Large,80,A
2026-07-21T18:37:31.067758,142,0,5,589,1051,0.558,Not Damaged,1046,94.14,Large,80,A
2026-07-21T18:37:31.250396,112,1538,8,1920,1045,0.3324,Damaged,1037,93.33,Large,80,Reject
2026-07-21T18:37:31.416022,115,95,303,634,1024,0.3173,Not Damaged,721,64.89,Large,80,A
2026-07-21T18:37:31.501914,115,102,320,641,1029,0.4544,Damaged,709,63.81,Large,80,Reject
2026-07-21T18:37:31.583488,115,102,316,646,1044,0.337,Damaged,728,65.52,Large,80,Reject
2026-07-21T18:37:31.666761,115,99,311,640,1056,0.4461,Damaged,745,67.05,Large,80,Reject
2026-07-21T18:37:31.749111,141,19,1,634,1011,0.5494,Not Damaged,1010,90.9,Large,80,A
2026-07-21T18:37:31.833274,115,98,304,639,1033,0.3969,Damaged,729,65.61,Large,80,Reject
2026-07-21T18:37:31.917443,141,48,0,634,934,0.5426,Not Damaged,934,84.06,Large,80,A
2026-07-21T18:37:32.000610,141,69,0,630,917,0.3376,Not Damaged,917,82.53,Large,80,A
2026-07-21T18:37:32.169734,141,73,0,627,945,0.332,Not Damaged,945,85.05,Large,80,A
2026-07-21T18:37:32.250775,141,85,0,632,920,0.3774,Not Damaged,920,82.8,Large,80,A
2026-07-21T18:37:32.334841,141,60,2,634,960,0.4186,Not Damaged,958,86.22,Large,80,A
2026-07-21T18:37:32.524008,140,630,463,1222,1071,0.4699,Not Damaged,608,54.72,Medium,80,B
2026-07-21T18:37:32.524122,142,0,3,598,1049,0.4621,Not Damaged,1046,94.14,Large,80,A
2026-07-21T18:37:32.524146,143,23,0,607,1064,0.5734,Not Damaged,1064,95.76,Large,80,A
2026-07-21T18:37:32.655308,112,1540,6,1920,1071,0.3363,Damaged,1065,95.85,Large,80,Reject
2026-07-21T18:37:32.655399,140,611,483,1202,1077,0.3657,Not Damaged,594,53.46,Medium,76.4,B
2026-07-21T18:37:32.655424,142,0,3,585,1046,0.6001,Not Damaged,1043,93.87,Large,80,A
2026-07-21T18:37:32.655443,143,1,5,576,1040,0.6099,Not Damaged,1035,93.15,Large,80,A
2026-07-21T18:37:32.757284,112,1582,7,1917,1080,0.3113,Damaged,1073,96.57,Large,80,Reject
2026-07-21T18:37:32.757390,144,77,215,1223,1069,0.4439,Not Damaged,1146,103.14,Large,80,A
2026-07-21T18:37:33.020974,145,124,298,650,864,0.3191,Damaged,566,50.94,Medium,66.1,Reject
2026-07-21T18:37:33.021063,146,667,467,1255,1057,0.316,Not Damaged,590,53.1,Medium,74.9,B
2026-07-21T18:37:33.021087,147,127,301,644,861,0.312,Damaged,560,50.4,Medium,64.0,Reject
2026-07-21T18:37:33.144703,141,96,2,641,888,0.3921,Not Damaged,886,79.74,Large,80,A
2026-07-21T18:37:33.144807,145,111,301,646,863,0.3139,Damaged,562,50.58,Medium,64.7,Reject
2026-07-21T18:37:33.144831,146,668,465,1248,1057,0.3347,Not Damaged,592,53.28,Medium,75.6,B
2026-07-21T18:37:33.250277,148,88,9,636,1039,0.3676,Not Damaged,1030,92.7,Large,80,A
2026-07-21T18:37:33.334959,145,86,18,635,1065,0.3642,Not Damaged,1047,94.23,Large,80,A
2026-07-21T18:37:33.415033,112,1581,5,1918,1063,0.3097,Damaged,1058,95.22,Large,80,Reject
2026-07-21T18:37:33.502695,112,1578,5,1918,1073,0.3494,Damaged,1068,96.12,Large,80,Reject
2026-07-21T18:37:33.584787,112,1580,5,1918,1069,0.3211,Damaged,1064,95.76,Large,80,Reject
2026-07-21T18:37:33.738706,112,1576,5,1918,1070,0.3399,Damaged,1065,95.85,Large,80,Reject
2026-07-21T18:37:33.739149,142,0,73,646,1026,0.3008,Damaged,953,85.77,Large,80,Reject
2026-07-21T18:37:33.739193,149,82,96,1218,928,0.5394,Not Damaged,1136,102.24,Large,80,A
2026-07-21T18:37:33.739217,150,645,97,1224,919,0.389,Not Damaged,822,73.98,Large,80,A
2026-07-21T18:37:33.857343,112,1570,5,1918,1071,0.3059,Damaged,1066,95.94,Large,80,Reject
2026-07-21T18:37:33.857457,151,635,104,1212,543,0.6028,Not Damaged,577,51.93,Medium,70.0,B
2026-07-21T18:37:33.857486,152,22,0,624,715,0.3517,Damaged,715,64.35,Large,80,Reject
2026-07-21T18:37:34.004236,112,1560,4,1918,1078,0.3449,Damaged,1074,96.66,Large,80,Reject
2026-07-21T18:37:34.004353,151,634,107,1211,549,0.462,Not Damaged,577,51.93,Medium,70.0,B
2026-07-21T18:37:34.163962,153,688,114,1258,541,0.5362,Not Damaged,570,51.3,Medium,67.5,B
2026-07-21T18:37:34.267423,152,0,0,688,689,0.3022,Damaged,689,62.01,Large,80,Reject
2026-07-21T18:37:34.267526,153,697,114,1262,542,0.6035,Not Damaged,565,50.85,Medium,65.7,B
2026-07-21T18:37:34.383193,151,677,119,1230,545,0.3481,Not Damaged,553,49.77,Small,61.6,C
2026-07-21T18:37:34.470759,151,675,114,1233,534,0.4412,Not Damaged,558,50.22,Medium,63.3,B
2026-07-21T18:37:34.470853,153,673,117,1228,526,0.3219,Not Damaged,555,49.95,Small,62.3,C
2026-07-21T18:37:34.552708,112,1574,4,1918,1060,0.3027,Damaged,1056,95.04,Large,80,Reject
2026-07-21T18:37:34.552804,151,683,115,1239,499,0.4084,Not Damaged,556,50.04,Medium,62.7,B
2026-07-21T18:37:34.663762,154,673,111,1237,348,0.4717,Not Damaged,564,50.76,Medium,65.4,B
2026-07-21T18:37:34.750222,154,672,111,1236,348,0.5327,Not Damaged,564,50.76,Medium,65.4,B
2026-07-21T18:37:34.831299,154,671,111,1236,349,0.5362,Not Damaged,565,50.85,Medium,65.7,B
2026-07-21T18:37:34.914354,154,673,111,1237,348,0.6082,Damaged,564,50.76,Medium,65.4,Reject
2026-07-21T18:37:34.998895,154,672,110,1237,347,0.5392,Not Damaged,565,50.85,Medium,65.7,B
2026-07-21T18:37:35.082674,154,666,111,1236,348,0.5691,Not Damaged,570,51.3,Medium,67.5,B
2026-07-21T18:37:35.186547,112,1539,7,1920,1041,0.3213,Damaged,1034,93.06,Large,80,Reject
2026-07-21T18:37:35.186651,154,650,112,1220,357,0.3012,Not Damaged,570,51.3,Medium,67.5,B
2026-07-21T18:37:35.186679,155,647,118,1219,350,0.5839,Not Damaged,572,51.48,Medium,68.2,B
2026-07-21T18:37:35.313747,154,597,111,1174,347,0.6114,Not Damaged,577,51.93,Medium,70.0,B
2026-07-21T18:37:35.313844,156,0,0,412,1080,0.4808,Damaged,1080,97.2,Large,80,Reject
2026-07-21T18:37:35.313870,157,1,1,248,1080,0.3581,Damaged,1079,97.11,Large,80,Reject
2026-07-21T18:37:35.448184,112,1516,6,1920,1073,0.5713,Damaged,1067,96.03,Large,80,Reject
2026-07-21T18:37:35.448276,154,612,138,1166,406,0.3127,Not Damaged,554,49.86,Small,62.0,C
2026-07-21T18:37:35.448300,158,1332,7,1918,1077,0.4674,Not Damaged,1070,96.3,Large,80,A
2026-07-21T18:37:35.448320,159,613,137,1174,423,0.3029,Not Damaged,561,50.49,Medium,64.4,B
2026-07-21T18:37:35.550498,112,1511,7,1920,1073,0.437,Damaged,1066,95.94,Large,80,Reject
2026-07-21T18:37:35.550585,154,632,145,1194,377,0.3239,Damaged,562,50.58,Medium,64.7,Reject
2026-07-21T18:37:35.646062,112,1520,6,1920,1064,0.3399,Damaged,1058,95.22,Large,80,Reject
2026-07-21T18:37:35.646177,154,637,138,1203,407,0.3283,Not Damaged,566,50.94,Medium,66.1,B
2026-07-21T18:37:35.646202,160,1562,5,1917,1076,0.3021,Damaged,1071,96.39,Large,80,Reject
2026-07-21T18:37:35.760539,112,1523,7,1920,1061,0.4648,Damaged,1054,94.86,Large,80,Reject
2026-07-21T18:37:35.760629,154,639,138,1207,410,0.3608,Not Damaged,568,51.12,Medium,66.8,B
2026-07-21T18:37:35.845353,112,1523,7,1920,1052,0.3022,Damaged,1045,94.05,Large,80,Reject
2026-07-21T18:37:35.845455,151,643,138,1209,424,0.3224,Not Damaged,566,50.94,Medium,66.1,B
2026-07-21T18:37:35.926324,112,1525,7,1920,1056,0.3234,Damaged,1049,94.41,Large,80,Reject
2026-07-21T18:37:35.926426,151,642,137,1208,382,0.3302,Not Damaged,566,50.94,Medium,66.1,B
2026-07-21T18:37:36.021910,112,1520,7,1920,1057,0.4989,Damaged,1050,94.5,Large,80,Reject
2026-07-21T18:37:36.022002,151,637,131,1206,359,0.4473,Not Damaged,569,51.21,Medium,67.1,B
2026-07-21T18:37:36.022057,154,639,133,1206,349,0.3968,Not Damaged,567,51.03,Medium,66.4,B
2026-07-21T18:37:36.145671,112,1542,7,1920,1052,0.3212,Damaged,1045,94.05,Large,80,Reject
2026-07-21T18:37:36.145760,151,627,103,1204,361,0.4094,Not Damaged,577,51.93,Medium,70.0,B
2026-07-21T18:37:36.145785,154,618,100,1200,350,0.388,Not Damaged,582,52.38,Medium,71.9,B
2026-07-21T18:37:36.247233,161,552,44,1174,294,0.4648,Damaged,622,55.98,Medium,80,Reject
2026-07-21T18:37:36.343376,112,1473,7,1920,1060,0.452,Damaged,1053,94.77,Large,80,Reject
2026-07-21T18:37:36.343460,162,440,10,1105,270,0.6669,Damaged,665,59.85,Medium,80,Reject
2026-07-21T18:37:36.439679,112,1515,7,1920,1054,0.3218,Damaged,1047,94.23,Large,80,Reject
2026-07-21T18:37:36.439773,158,1285,5,1919,1066,0.3895,Damaged,1061,95.49,Large,80,Reject
2026-07-21T18:37:36.439798,163,353,9,998,264,0.3675,Not Damaged,645,58.05,Medium,80,B
2026-07-21T18:37:36.552519,158,1199,5,1918,1067,0.4121,Not Damaged,1062,95.58,Large,80,A
2026-07-21T18:37:36.552600,163,365,34,979,300,0.458,Not Damaged,614,55.26,Medium,80,B
2026-07-21T18:37:36.647215,112,1515,7,1920,1057,0.3527,Damaged,1050,94.5,Large,80,Reject
2026-07-21T18:37:36.647320,163,400,39,1012,301,0.3209,Not Damaged,612,55.08,Medium,80,B
2026-07-21T18:37:36.647346,164,1322,5,1919,1069,0.3323,Damaged,1064,95.76,Large,80,Reject
2026-07-21T18:37:36.768632,112,1501,5,1920,1060,0.3083,Damaged,1055,94.95,Large,80,Reject
2026-07-21T18:37:36.768733,163,414,47,1020,314,0.3209,Not Damaged,606,54.54,Medium,80,B
2026-07-21T18:37:36.897969,112,1434,5,1920,1060,0.334,Damaged,1055,94.95,Large,80,Reject
2026-07-21T18:37:36.898074,158,1265,6,1919,1068,0.3454,Damaged,1062,95.58,Large,80,Reject
2026-07-21T18:37:36.898100,163,385,58,1010,303,0.4887,Not Damaged,625,56.25,Medium,80,B
2026-07-21T18:37:37.011387,158,1246,5,1919,1068,0.3543,Damaged,1063,95.67,Large,80,Reject
2026-07-21T18:37:37.011470,163,396,47,996,328,0.3926,Not Damaged,600,54.0,Medium,78.7,B
2026-07-21T18:37:37.134061,112,1391,4,1920,1057,0.4368,Damaged,1053,94.77,Large,80,Reject
2026-07-21T18:37:37.134149,163,387,63,988,305,0.3847,Not Damaged,601,54.09,Medium,79.1,B
2026-07-21T18:37:37.238664,112,1435,5,1920,1060,0.3767,Damaged,1055,94.95,Large,80,Reject
2026-07-21T18:37:37.238758,158,1249,5,1919,1068,0.3121,Damaged,1063,95.67,Large,80,Reject
2026-07-21T18:37:37.238782,163,392,59,999,305,0.4603,Not Damaged,607,54.63,Medium,80,B
2026-07-21T18:37:37.344753,112,1448,4,1920,1061,0.3145,Damaged,1057,95.13,Large,80,Reject
2026-07-21T18:37:37.344844,163,409,51,1015,310,0.3435,Not Damaged,606,54.54,Medium,80,B
2026-07-21T18:37:37.427063,112,1477,5,1920,1061,0.3229,Damaged,1056,95.04,Large,80,Reject
2026-07-21T18:37:37.427167,163,419,53,1018,317,0.4009,Not Damaged,599,53.91,Medium,78.3,B
2026-07-21T18:37:37.510200,112,1500,5,1920,1059,0.3288,Damaged,1054,94.86,Large,80,Reject
2026-07-21T18:37:37.510287,163,425,53,1022,320,0.3919,Not Damaged,597,53.73,Medium,77.6,B
2026-07-21T18:37:37.603983,112,1484,5,1920,1060,0.344,Damaged,1055,94.95,Large,80,Reject
2026-07-21T18:37:37.604078,163,426,52,1025,313,0.3285,Not Damaged,599,53.91,Medium,78.3,B
2026-07-21T18:37:37.604103,165,425,50,1026,310,0.3189,Not Damaged,601,54.09,Medium,79.1,B
2026-07-21T18:37:37.718078,112,1500,5,1920,1063,0.3266,Damaged,1058,95.22,Large,80,Reject
2026-07-21T18:37:37.718172,163,434,48,1034,311,0.4281,Not Damaged,600,54.0,Medium,78.7,B
2026-07-21T18:37:37.801714,112,1508,6,1920,1063,0.3433,Damaged,1057,95.13,Large,80,Reject
2026-07-21T18:37:37.801801,163,435,50,1035,309,0.3448,Not Damaged,600,54.0,Medium,78.7,B
2026-07-21T18:37:37.885561,112,1517,6,1920,1060,0.3861,Damaged,1054,94.86,Large,80,Reject
2026-07-21T18:37:37.885651,163,427,52,1028,313,0.3367,Not Damaged,601,54.09,Medium,79.1,B
2026-07-21T18:37:37.977293,112,1498,5,1920,1060,0.3609,Damaged,1055,94.95,Large,80,Reject
2026-07-21T18:37:37.977388,163,425,52,1026,317,0.3253,Not Damaged,601,54.09,Medium,79.1,B
2026-07-21T18:37:37.977412,165,426,54,1025,329,0.3285,Not Damaged,599,53.91,Medium,78.3,B
2026-07-21T18:37:38.092839,112,1499,6,1920,1065,0.3648,Damaged,1059,95.31,Large,80,Reject
2026-07-21T18:37:38.093730,163,438,54,1037,314,0.4094,Not Damaged,599,53.91,Medium,78.3,B
2026-07-21T18:37:38.176325,112,1509,6,1920,1060,0.4108,Damaged,1054,94.86,Large,80,Reject
2026-07-21T18:37:38.176414,163,431,57,1030,330,0.4229,Not Damaged,599,53.91,Medium,78.3,B
2026-07-21T18:37:38.262527,112,1479,5,1920,1060,0.4369,Damaged,1055,94.95,Large,80,Reject
2026-07-21T18:37:38.262620,163,425,60,1026,331,0.4554,Not Damaged,601,54.09,Medium,79.1,B
2026-07-21T18:37:38.383824,112,1491,6,1920,1065,0.3996,Damaged,1059,95.31,Large,80,Reject
2026-07-21T18:37:38.383924,163,438,56,1037,329,0.4067,Not Damaged,599,53.91,Medium,78.3,B
2026-07-21T18:37:38.468010,112,1481,6,1920,1062,0.3846,Damaged,1056,95.04,Large,80,Reject
2026-07-21T18:37:38.468096,163,440,58,1039,330,0.3648,Not Damaged,599,53.91,Medium,78.3,B
2026-07-21T18:37:38.593245,112,1494,6,1920,1064,0.3388,Damaged,1058,95.22,Large,80,Reject
2026-07-21T18:37:38.593314,163,446,63,1044,303,0.3551,Not Damaged,598,53.82,Medium,77.9,B
2026-07-21T18:37:38.678440,112,1494,6,1920,1064,0.3417,Damaged,1058,95.22,Large,80,Reject
2026-07-21T18:37:38.678549,163,447,64,1039,303,0.3592,Not Damaged,592,53.28,Medium,75.6,B
2026-07-21T18:37:38.759597,112,1482,6,1920,1063,0.3716,Damaged,1057,95.13,Large,80,Reject
2026-07-21T18:37:38.759687,163,447,70,1044,331,0.3295,Not Damaged,597,53.73,Medium,77.6,B
2026-07-21T18:37:38.847690,112,1489,6,1920,1065,0.3674,Damaged,1059,95.31,Large,80,Reject
2026-07-21T18:37:38.847796,163,447,62,1042,330,0.4048,Not Damaged,595,53.55,Medium,76.8,B
2026-07-21T18:37:38.929101,112,1490,5,1920,1063,0.3715,Damaged,1058,95.22,Large,80,Reject
2026-07-21T18:37:38.929188,163,446,64,1043,303,0.355,Not Damaged,597,53.73,Medium,77.6,B
2026-07-21T18:37:39.010318,112,1485,6,1920,1062,0.4408,Damaged,1056,95.04,Large,80,Reject
2026-07-21T18:37:39.010405,163,439,63,1035,329,0.3393,Not Damaged,596,53.64,Medium,77.2,B
2026-07-21T18:37:39.093284,112,1494,5,1920,1059,0.4433,Damaged,1054,94.86,Large,80,Reject
2026-07-21T18:37:39.093394,163,434,61,1028,332,0.4242,Not Damaged,594,53.46,Medium,76.4,B
2026-07-21T18:37:39.177477,112,1538,6,1920,1062,0.3197,Damaged,1056,95.04,Large,80,Reject
2026-07-21T18:37:39.177577,162,446,48,1050,302,0.4944,Not Damaged,604,54.36,Medium,80,B
2026-07-21T18:37:40.017824,166,515,3,1133,252,0.4367,Not Damaged,618,55.62,Medium,80,B
2026-07-21T18:37:40.124169,166,511,12,1112,268,0.3927,Not Damaged,601,54.09,Medium,79.1,B
2026-07-21T18:37:40.212258,166,494,3,1132,252,0.3897,Not Damaged,638,57.42,Medium,80,B
2026-07-21T18:37:40.292956,167,1,714,514,1080,0.3165,Not Damaged,513,46.17,Small,49.2,C
2026-07-21T18:37:40.376262,166,511,7,1133,253,0.4806,Not Damaged,622,55.98,Medium,80,B
2026-07-21T18:37:40.466723,112,1546,7,1920,1058,0.3152,Damaged,1051,94.59,Large,80,Reject
2026-07-21T18:37:40.466831,166,503,10,1112,263,0.403,Damaged,609,54.81,Medium,80,Reject
2026-07-21T18:37:40.563484,112,1549,7,1920,1059,0.3082,Damaged,1052,94.68,Large,80,Reject
2026-07-21T18:37:40.563603,166,508,9,1113,266,0.3025,Not Damaged,605,54.45,Medium,80,B
2026-07-21T18:37:40.563629,168,477,7,1115,259,0.3347,Not Damaged,638,57.42,Medium,80,B
2026-07-21T18:37:40.674302,166,503,10,1128,257,0.3878,Not Damaged,625,56.25,Medium,80,B
2026-07-21T18:37:40.674392,167,1,714,505,1080,0.3561,Not Damaged,504,45.36,Small,46.7,C
2026-07-21T18:37:40.760900,166,519,12,1119,265,0.4007,Not Damaged,600,54.0,Medium,78.7,B
2026-07-21T18:37:40.760997,167,1,717,504,1080,0.3232,Not Damaged,503,45.27,Small,46.4,C
2026-07-21T18:37:40.874040,166,517,11,1119,272,0.3425,Not Damaged,602,54.18,Medium,79.5,B
2026-07-21T18:37:40.957474,166,511,10,1115,261,0.4113,Damaged,604,54.36,Medium,80,Reject
2026-07-21T18:37:41.051211,166,519,11,1123,268,0.3418,Not Damaged,604,54.36,Medium,80,B
2026-07-21T18:37:41.051295,167,1,715,505,1080,0.3071,Not Damaged,504,45.36,Small,46.7,C
2026-07-21T18:37:41.127040,166,515,10,1134,258,0.3788,Not Damaged,619,55.71,Medium,80,B
2026-07-21T18:37:41.222393,166,526,13,1124,268,0.483,Not Damaged,598,53.82,Medium,77.9,B
2026-07-21T18:37:41.222514,167,1,719,509,1080,0.3145,Not Damaged,508,45.72,Small,47.8,C
2026-07-21T18:37:41.333110,166,524,16,1129,262,0.3425,Not Damaged,605,54.45,Medium,80,B
2026-07-21T18:37:41.415911,166,540,13,1148,267,0.426,Not Damaged,608,54.72,Medium,80,B
2026-07-21T18:37:41.514546,112,1567,1,1918,1080,0.301,Damaged,1079,97.11,Large,80,Reject
2026-07-21T18:37:41.514633,166,534,13,1142,265,0.4146,Not Damaged,608,54.72,Medium,80,B
2026-07-21T18:37:41.586184,166,531,14,1132,298,0.4336,Not Damaged,601,54.09,Medium,79.1,B
2026-07-21T18:37:41.664740,166,531,12,1134,267,0.462,Not Damaged,603,54.27,Medium,79.9,B
2026-07-21T18:37:41.917978,169,691,59,1296,305,0.3574,Not Damaged,605,54.45,Medium,80,B
2026-07-21T18:37:42.014022,170,818,21,1411,349,0.5027,Not Damaged,593,53.37,Medium,76.0,B
2026-07-21T18:37:42.014123,171,2,509,816,1080,0.3962,Not Damaged,814,73.26,Large,80,A
2026-07-21T18:37:42.123263,172,957,13,1521,250,0.4,Not Damaged,564,50.76,Medium,65.4,B
2026-07-21T18:37:42.218797,173,1028,4,1587,233,0.3866,Not Damaged,559,50.31,Medium,63.7,B
2026-07-21T18:37:42.218886,174,0,443,1295,1080,0.3077,Not Damaged,1295,116.55,Large,80,A
2026-07-21T18:37:42.311445,175,3,0,479,337,0.4948,Damaged,476,42.84,Small,39.3,Reject
2026-07-21T18:37:42.311536,176,490,595,1035,1080,0.3981,Not Damaged,545,49.05,Small,59.0,C
2026-07-21T18:37:42.311564,177,493,594,1035,1080,0.324,Not Damaged,542,48.78,Small,58.0,C
2026-07-21T18:37:42.507941,175,2,0,457,335,0.3548,Damaged,455,40.95,Small,34.3,Reject
2026-07-21T18:37:42.508032,176,464,594,1010,1080,0.467,Not Damaged,546,49.14,Small,59.3,C
2026-07-21T18:37:42.584772,178,0,437,1017,1080,0.38,Not Damaged,1017,91.53,Large,80,A
2026-07-21T18:37:42.665761,179,385,598,1550,1080,0.3747,Not Damaged,1165,104.85,Large,80,A
2026-07-21T18:37:42.841512,180,0,416,866,1080,0.7271,Not Damaged,866,77.94,Large,80,A
2026-07-21T18:37:42.841597,181,869,2,1428,157,0.3409,Not Damaged,559,50.31,Medium,63.7,B
2026-07-21T18:37:42.925352,180,0,415,866,1080,0.7308,Not Damaged,866,77.94,Large,80,A
2026-07-21T18:37:42.925447,181,869,2,1427,161,0.3583,Not Damaged,558,50.22,Medium,63.3,B
2026-07-21T18:37:43.021752,180,2,409,873,1080,0.7494,Not Damaged,871,78.39,Large,80,A
2026-07-21T18:37:43.021851,181,883,0,1436,165,0.4545,Not Damaged,553,49.77,Small,61.6,C
2026-07-21T18:37:43.021878,182,896,783,1439,1080,0.3157,Not Damaged,543,48.87,Small,58.4,C
2026-07-21T18:37:43.144162,180,0,407,875,1080,0.8189,Not Damaged,875,78.75,Large,80,A
2026-07-21T18:37:43.144253,181,873,2,1438,158,0.4189,Not Damaged,565,50.85,Medium,65.7,B
2026-07-21T18:37:43.144279,182,894,783,1437,1080,0.3322,Not Damaged,543,48.87,Small,58.4,C
2026-07-21T18:37:43.250100,171,1,437,850,1080,0.8359,Not Damaged,849,76.41,Large,80,A
2026-07-21T18:37:43.333011,171,0,445,844,1080,0.638,Not Damaged,844,75.96,Large,80,A
2026-07-21T18:37:43.416865,171,0,444,845,1080,0.5833,Not Damaged,845,76.05,Large,80,A
2026-07-21T18:37:43.506413,171,0,457,844,1080,0.7074,Not Damaged,844,75.96,Large,80,A
2026-07-21T18:37:43.583088,171,1,453,845,1080,0.5477,Not Damaged,844,75.96,Large,80,A
2026-07-21T18:37:43.666361,171,1,462,835,1080,0.6968,Not Damaged,834,75.06,Large,80,A
2026-07-21T18:37:43.750314,171,1,455,832,1080,0.7902,Not Damaged,831,74.79,Large,80,A
2026-07-21T18:37:43.916128,183,721,4,1319,240,0.5118,Not Damaged,598,53.82,Medium,77.9,B
2026-07-21T18:37:44.082707,184,630,2,1307,269,0.5666,Not Damaged,677,60.93,Large,80,A
2026-07-21T18:37:44.666433,185,540,0,1332,192,0.3957,Damaged,792,71.28,Large,80,Reject
2026-07-21T18:37:44.760120,167,1,737,537,1080,0.3472,Not Damaged,536,48.24,Small,56.1,C
2026-07-21T18:37:44.760202,186,551,3,1256,348,0.7537,Not Damaged,705,63.45,Large,80,A
2026-07-21T18:37:44.832329,187,586,56,1226,428,0.5831,Not Damaged,640,57.6,Medium,80,B
2026-07-21T18:37:44.914149,188,666,176,1276,511,0.7617,Not Damaged,610,54.9,Medium,80,B
2026-07-21T18:37:45.007316,112,1489,3,1920,1048,0.4297,Damaged,1045,94.05,Large,80,Reject
2026-07-21T18:37:45.007407,189,748,307,1291,592,0.3342,Not Damaged,543,48.87,Small,58.4,C
2026-07-21T18:37:45.101838,112,1500,5,1920,1046,0.4718,Damaged,1041,93.69,Large,80,Reject
2026-07-21T18:37:45.101914,189,720,298,1283,583,0.478,Not Damaged,563,50.67,Medium,65.0,B
2026-07-21T18:37:45.101940,190,2,735,730,1080,0.3397,Not Damaged,728,65.52,Large,80,A
2026-07-21T18:37:45.221847,191,939,3,1919,1058,0.735,Damaged,1055,94.95,Large,80,Reject
2026-07-21T18:37:45.221941,192,0,2,756,306,0.6366,Damaged,756,68.04,Large,80,Reject
2026-07-21T18:37:45.312492,193,0,0,1903,1080,0.6757,Damaged,1903,171.27,Large,80,Reject
2026-07-21T18:37:45.312576,194,976,4,1920,888,0.4442,Damaged,944,84.96,Large,80,Reject
2026-07-21T18:37:45.424822,193,10,0,1920,1080,0.7975,Damaged,1910,171.9,Large,80,Reject
2026-07-21T18:37:45.588462,195,14,63,1618,1080,0.7718,Damaged,1604,144.36,Large,80,Reject
2026-07-21T18:37:45.678068,195,2,0,1617,1077,0.6669,Not Damaged,1615,145.35,Large,80,A
2026-07-21T18:37:45.756955,193,2,0,1893,1068,0.5371,Damaged,1891,170.19,Large,80,Reject
2026-07-21T18:37:45.839069,196,11,0,1708,1066,0.6322,Damaged,1697,152.73,Large,80,Reject
2026-07-21T18:37:45.917708,193,7,0,1913,1063,0.691,Damaged,1906,171.54,Large,80,Reject
2026-07-21T18:37:46.015442,189,11,5,1920,832,0.5109,Damaged,1909,171.81,Large,80,Reject
2026-07-21T18:37:46.015529,195,0,5,1599,1043,0.3644,Damaged,1599,143.91,Large,80,Reject
2026-07-21T18:37:53.721888,197,0,0,835,1074,0.5651,Not Damaged,1074,96.66,Large,80,A
2026-07-21T18:37:53.839677,198,5,381,1913,1080,0.4464,Damaged,1908,171.72,Large,80,Reject
2026-07-21T18:37:54.082927,193,8,0,1910,1080,0.6387,Damaged,1902,171.18,Large,80,Reject
2026-07-21T18:37:54.191643,193,0,0,1920,1080,0.3155,Damaged,1920,172.8,Large,80,Reject
2026-07-21T18:37:54.191728,199,5,0,1917,1080,0.6282,Damaged,1912,172.08,Large,80,Reject
2026-07-21T18:37:54.301373,200,1,0,1311,1077,0.5229,Damaged,1310,117.9,Large,80,Reject
2026-07-21T18:37:54.493944,193,3,0,1911,1080,0.7844,Damaged,1908,171.72,Large,80,Reject
2026-07-21T18:37:54.494028,201,0,2,987,1077,0.5321,Damaged,1075,96.75,Large,80,Reject
2026-07-21T18:37:54.494053,202,816,4,1920,1074,0.4476,Damaged,1104,99.36,Large,80,Reject
2026-07-21T18:37:54.614586,201,0,0,1080,1080,0.8458,Not Damaged,1080,97.2,Large,80,A
2026-07-21T18:37:54.614676,203,1058,26,1920,1072,0.5967,Not Damaged,1046,94.14,Large,80,A
2026-07-21T18:37:54.614701,204,1044,0,1919,1076,0.4807,Not Damaged,1076,96.84,Large,80,A
2026-07-21T18:37:54.712796,205,0,0,1471,1080,0.724,Not Damaged,1471,132.39,Large,80,A
2026-07-21T18:37:54.804753,193,12,0,1906,1080,0.7434,Damaged,1894,170.46,Large,80,Reject
2026-07-21T18:37:54.924244,193,8,0,1899,1078,0.6636,Damaged,1891,170.19,Large,80,Reject
2026-07-21T18:37:55.008114,193,6,0,1896,1080,0.7768,Not Damaged,1890,170.1,Large,80,A
2026-07-21T18:37:55.090024,193,2,0,1917,1080,0.9087,Damaged,1915,172.35,Large,80,Reject
2026-07-21T18:37:55.194050,193,5,0,1904,1080,0.616,Damaged,1899,170.91,Large,80,Reject
2026-07-21T18:37:55.194137,206,645,0,1918,1080,0.4366,Damaged,1273,114.57,Large,80,Reject
2026-07-21T18:37:55.297574,193,3,0,1912,1080,0.3794,Damaged,1909,171.81,Large,80,Reject
2026-07-21T18:37:55.382164,193,5,0,1916,1080,0.6781,Damaged,1911,171.99,Large,80,Reject
2026-07-21T18:37:55.464297,193,4,0,1916,1080,0.454,Damaged,1912,172.08,Large,80,Reject
2026-07-21T18:37:55.873546,201,0,311,1088,814,0.401,Not Damaged,1088,97.92,Large,80,A
2026-07-21T18:37:55.966396,201,6,349,1099,844,0.3294,Not Damaged,1093,98.37,Large,80,A
2026-07-21T18:37:56.044851,201,0,343,1182,839,0.4011,Not Damaged,1182,106.38,Large,80,A
2026-07-21T18:37:56.123377,207,0,351,1066,837,0.5871,Not Damaged,1066,95.94,Large,80,A
2026-07-21T18:37:56.208351,201,0,364,1116,848,0.4034,Damaged,1116,100.44,Large,80,Reject
2026-07-21T18:37:56.289569,201,1,371,1145,856,0.3935,Not Damaged,1144,102.96,Large,80,A
2026-07-21T18:37:56.382243,201,4,368,1154,853,0.3251,Not Damaged,1150,103.5,Large,80,A
2026-07-21T18:37:56.382332,208,2,374,662,832,0.3874,Damaged,660,59.4,Medium,80,Reject
2026-07-21T18:37:56.457043,201,9,369,1101,850,0.4728,Not Damaged,1092,98.28,Large,80,A
2026-07-21T18:37:56.551276,208,2,380,674,843,0.4908,Damaged,672,60.48,Large,80,Reject
2026-07-21T18:37:56.551353,209,4,1,663,337,0.3318,Damaged,659,59.31,Medium,80,Reject
2026-07-21T18:37:56.634537,208,2,382,676,847,0.3552,Damaged,674,60.66,Large,80,Reject
2026-07-21T18:37:56.634624,209,4,0,671,335,0.4144,Damaged,667,60.03,Large,80,Reject
2026-07-21T18:37:56.733876,209,4,2,675,335,0.4203,Not Damaged,671,60.39,Large,80,A
2026-07-21T18:37:56.841297,201,3,358,1180,877,0.3783,Damaged,1177,105.93,Large,80,Reject
2026-07-21T18:37:56.944461,201,22,308,1107,851,0.3128,Not Damaged,1085,97.65,Large,80,A
2026-07-21T18:37:56.944548,208,2,302,683,847,0.3389,Not Damaged,681,61.29,Large,80,A
2026-07-21T18:37:57.059226,201,13,265,1119,851,0.4855,Not Damaged,1106,99.54,Large,80,A
2026-07-21T18:37:57.059313,208,1,265,691,855,0.4316,Damaged,690,62.1,Large,80,Reject
2026-07-21T18:37:57.189518,201,0,253,1120,858,0.6334,Not Damaged,1120,100.8,Large,80,A
2026-07-21T18:37:57.189594,208,1,249,687,857,0.4814,Not Damaged,686,61.74,Large,80,A
2026-07-21T18:37:57.189622,210,699,254,1117,839,0.3495,Not Damaged,585,52.65,Medium,73.0,B
2026-07-21T18:37:57.291149,201,11,239,1116,858,0.7166,Not Damaged,1105,99.45,Large,80,A
2026-07-21T18:37:57.376903,201,0,263,1078,883,0.7769,Not Damaged,1078,97.02,Large,80,A
2026-07-21T18:37:57.486326,201,0,279,1024,894,0.5601,Not Damaged,1024,92.16,Large,80,A
2026-07-21T18:37:57.486407,211,1187,11,1919,1077,0.3781,Not Damaged,1066,95.94,Large,80,A
2026-07-21T18:37:57.486434,212,1420,8,1919,1073,0.3649,Not Damaged,1065,95.85,Large,80,A
2026-07-21T18:37:57.585311,213,0,303,886,915,0.5988,Not Damaged,886,79.74,Large,80,A
2026-07-21T18:37:57.666756,213,0,297,913,910,0.6816,Not Damaged,913,82.17,Large,80,A
2026-07-21T18:37:57.753077,201,4,294,933,903,0.5466,Not Damaged,929,83.61,Large,80,A
2026-07-21T18:37:57.838025,201,0,299,959,910,0.7362,Not Damaged,959,86.31,Large,80,A
2026-07-21T18:37:57.926930,201,4,319,946,926,0.5183,Not Damaged,942,84.78,Large,80,A
2026-07-21T18:37:58.010132,201,17,325,922,990,0.3714,Not Damaged,905,81.45,Large,80,A
2026-07-21T18:37:58.096407,207,4,205,1092,1046,0.5597,Not Damaged,1088,97.92,Large,80,A
2026-07-21T18:37:58.174368,207,27,97,1067,1080,0.4368,Not Damaged,1040,93.6,Large,80,A
2026-07-21T18:37:58.257573,214,48,574,1028,1080,0.3427,Not Damaged,980,88.2,Large,80,A
2026-07-21T18:37:58.421426,215,997,2,1919,1053,0.6687,Damaged,1051,94.59,Large,80,Reject
2026-07-21T18:37:58.506108,216,759,0,1920,1076,0.6109,Damaged,1161,104.49,Large,80,Reject
2026-07-21T18:37:58.601134,216,745,1,1920,1079,0.63,Damaged,1175,105.75,Large,80,Reject
2026-07-21T18:37:58.601228,217,5,378,848,1080,0.6336,Not Damaged,843,75.87,Large,80,A
2026-07-21T18:37:58.732417,207,0,82,1067,1080,0.3688,Not Damaged,1067,96.03,Large,80,A
2026-07-21T18:37:58.732501,212,1418,4,1920,1053,0.5413,Damaged,1049,94.41,Large,80,Reject
2026-07-21T18:37:58.838192,218,1544,7,1920,1057,0.4695,Damaged,1050,94.5,Large,80,Reject
2026-07-21T18:37:59.004042,219,906,500,1494,1077,0.5958,Not Damaged,588,52.92,Medium,74.1,B
2026-07-21T18:37:59.089889,220,15,457,1588,1080,0.5113,Not Damaged,1573,141.57,Large,80,A
2026-07-21T18:37:59.184770,212,1469,4,1920,1020,0.6435,Damaged,1016,91.44,Large,80,Reject
2026-07-21T18:37:59.184862,221,34,191,1377,1080,0.8573,Not Damaged,1343,120.87,Large,80,A
2026-07-21T18:37:59.376844,221,7,221,1322,1080,0.8456,Not Damaged,1315,118.35,Large,80,A
2026-07-21T18:37:59.469327,222,717,510,1272,1077,0.5944,Not Damaged,567,51.03,Medium,66.4,B
2026-07-21T18:37:59.469404,223,4,517,700,1080,0.3237,Not Damaged,696,62.64,Large,80,A
2026-07-21T18:37:59.544501,224,731,419,1300,1076,0.4486,Not Damaged,657,59.13,Medium,80,B
2026-07-21T18:37:59.629010,225,5,360,1813,1080,0.4916,Damaged,1808,162.72,Large,80,Reject
2026-07-21T18:37:59.735540,213,0,364,857,868,0.3262,Not Damaged,857,77.13,Large,80,A
2026-07-21T18:37:59.735669,217,0,358,859,1080,0.3066,Damaged,859,77.31,Large,80,Reject
2026-07-21T18:37:59.735697,226,870,354,1420,1080,0.5838,Not Damaged,726,65.34,Large,80,A
2026-07-21T18:37:59.842951,225,4,340,1898,1080,0.6204,Damaged,1894,170.46,Large,80,Reject
2026-07-21T18:37:59.927812,225,36,350,1808,1080,0.3026,Damaged,1772,159.48,Large,80,Reject
2026-07-21T18:38:00.125230,224,693,356,1389,1078,0.3965,Not Damaged,722,64.98,Large,80,A
2026-07-21T18:38:00.205216,224,719,395,1324,1077,0.6303,Not Damaged,682,61.38,Large,80,A
2026-07-21T18:38:00.382153,227,42,206,1467,1072,0.8208,Not Damaged,1425,128.25,Large,80,A
2026-07-21T18:38:00.463932,228,28,119,1545,1079,0.5525,Not Damaged,1517,136.53,Large,80,A
2026-07-21T18:38:00.564912,213,0,142,887,1079,0.7741,Not Damaged,937,84.33,Large,80,A
2026-07-21T18:38:00.564996,229,895,124,1451,881,0.5419,Not Damaged,757,68.13,Large,80,A
2026-07-21T18:38:00.565022,230,898,127,1454,889,0.3857,Not Damaged,762,68.58,Large,80,A
2026-07-21T18:38:00.680444,227,81,182,1382,1079,0.4333,Not Damaged,1301,117.09,Large,80,A
2026-07-21T18:38:00.680522,231,827,182,1380,949,0.454,Not Damaged,767,69.03,Large,80,A
2026-07-21T18:38:00.802263,217,0,304,796,1078,0.7013,Damaged,796,71.64,Large,80,Reject
2026-07-21T18:38:00.802344,232,801,299,1333,1019,0.7526,Not Damaged,720,64.8,Large,80,A
2026-07-21T18:38:00.882276,233,34,347,1429,1073,0.5095,Damaged,1395,125.55,Large,80,Reject
2026-07-21T18:38:00.971272,217,0,341,847,1080,0.4695,Damaged,847,76.23,Large,80,Reject
2026-07-21T18:38:00.971359,226,856,330,1376,1025,0.4043,Not Damaged,695,62.55,Large,80,A
2026-07-21T18:38:01.107574,217,0,360,847,1080,0.3484,Damaged,847,76.23,Large,80,Reject
2026-07-21T18:38:01.107666,226,862,320,1379,1014,0.6179,Not Damaged,694,62.46,Large,80,A
2026-07-21T18:38:01.107692,234,0,773,853,1080,0.3624,Not Damaged,853,76.77,Large,80,A
2026-07-21T18:38:01.222704,217,0,325,838,1080,0.3632,Damaged,838,75.42,Large,80,Reject
2026-07-21T18:38:01.222794,226,856,307,1420,1026,0.6718,Not Damaged,719,64.71,Large,80,A
2026-07-21T18:38:01.352673,217,0,300,834,1079,0.581,Damaged,834,75.06,Large,80,Reject
2026-07-21T18:38:01.352755,226,853,294,1386,1014,0.556,Damaged,720,64.8,Large,80,Reject
2026-07-21T18:38:01.474391,217,0,285,840,1080,0.6016,Damaged,840,75.6,Large,80,Reject
2026-07-21T18:38:01.474470,226,855,279,1395,1014,0.4234,Not Damaged,735,66.15,Large,80,A
2026-07-21T18:38:01.602992,225,0,294,1826,1080,0.4396,Not Damaged,1826,164.34,Large,80,A
2026-07-21T18:38:01.603074,235,192,297,1443,1047,0.4755,Damaged,1251,112.59,Large,80,Reject
2026-07-21T18:38:01.720510,217,2,331,898,1080,0.5885,Damaged,896,80.64,Large,80,Reject
2026-07-21T18:38:01.720590,236,906,315,1484,1059,0.639,Not Damaged,744,66.96,Large,80,A
2026-07-21T18:38:01.830671,236,861,320,1542,1075,0.62,Not Damaged,755,67.95,Large,80,A
2026-07-21T18:38:01.937584,217,0,343,864,1080,0.3133,Damaged,864,77.76,Large,80,Reject
2026-07-21T18:38:01.937661,236,877,323,1493,1075,0.5304,Not Damaged,752,67.68,Large,80,A
2026-07-21T18:38:02.062115,225,141,310,1669,1080,0.5497,Not Damaged,1528,137.52,Large,80,A
2026-07-21T18:38:02.062207,232,613,313,1502,1080,0.3209,Not Damaged,889,80.01,Large,80,A
2026-07-21T18:38:02.164924,237,907,298,1675,1075,0.5343,Not Damaged,777,69.93,Large,80,A
2026-07-21T18:38:02.279334,217,7,295,902,1077,0.5781,Damaged,895,80.55,Large,80,Reject
2026-07-21T18:38:02.279420,236,918,303,1546,1077,0.5115,Not Damaged,774,69.66,Large,80,A
2026-07-21T18:38:02.279445,237,913,300,1666,1074,0.5131,Not Damaged,774,69.66,Large,80,A
2026-07-21T18:38:02.407079,213,0,305,882,851,0.3886,Not Damaged,882,79.38,Large,80,A
2026-07-21T18:38:02.407171,236,903,301,1561,1078,0.4793,Not Damaged,777,69.93,Large,80,A
2026-07-21T18:38:02.407196,237,898,298,1699,1075,0.5693,Not Damaged,801,72.09,Large,80,A
2026-07-21T18:38:02.499570,236,928,315,1545,1075,0.6597,Not Damaged,760,68.4,Large,80,A
2026-07-21T18:38:02.594291,213,23,317,928,836,0.4095,Not Damaged,905,81.45,Large,80,A
2026-07-21T18:38:02.594377,237,936,319,1640,1074,0.7311,Not Damaged,755,67.95,Large,80,A
2026-07-21T18:38:02.707975,236,950,316,1515,1077,0.7457,Not Damaged,761,68.49,Large,80,A
2026-07-21T18:38:02.795863,236,966,321,1503,1047,0.3551,Not Damaged,726,65.34,Large,80,A
2026-07-21T18:38:02.979648,236,1008,346,1502,1008,0.6685,Not Damaged,662,59.58,Medium,80,B
2026-07-21T18:38:02.979784,238,170,347,992,1080,0.4146,Damaged,822,73.98,Large,80,Reject
2026-07-21T18:38:02.979810,239,177,347,996,816,0.3289,Damaged,819,73.71,Large,80,Reject
2026-07-21T18:38:03.080589,236,1018,350,1502,1007,0.5624,Not Damaged,657,59.13,Medium,80,B
2026-07-21T18:38:03.165225,236,1007,346,1498,1006,0.6862,Not Damaged,660,59.4,Medium,80,B
2026-07-21T18:38:03.248919,236,998,341,1498,1013,0.7061,Not Damaged,672,60.48,Large,80,A
2026-07-21T18:38:03.333868,236,989,337,1499,1014,0.7179,Not Damaged,677,60.93,Large,80,A
2026-07-21T18:38:03.415766,236,990,343,1491,1024,0.6454,Damaged,681,61.29,Large,80,Reject
2026-07-21T18:38:03.498538,236,990,344,1491,1021,0.6514,Damaged,677,60.93,Large,80,Reject
2026-07-21T18:38:03.583773,236,983,337,1505,1013,0.613,Not Damaged,676,60.84,Large,80,A
2026-07-21T18:38:03.664734,236,958,335,1516,1024,0.5437,Not Damaged,689,62.01,Large,80,A
2026-07-21T18:38:03.762861,236,945,334,1464,1027,0.4401,Not Damaged,693,62.37,Large,80,A
2026-07-21T18:38:03.846581,236,933,330,1467,1035,0.3765,Not Damaged,705,63.45,Large,80,A
2026-07-21T18:38:03.846669,240,933,329,1512,1038,0.42,Not Damaged,709,63.81,Large,80,A
2026-07-21T18:38:03.923945,225,4,340,1725,1080,0.5175,Damaged,1721,154.89,Large,80,Reject
2026-07-21T18:38:04.028047,213,1,346,877,857,0.4037,Not Damaged,876,78.84,Large,80,A
2026-07-21T18:38:04.028167,217,1,347,891,1080,0.5312,Damaged,890,80.1,Large,80,Reject
2026-07-21T18:38:04.028192,236,902,329,1472,1076,0.6019,Not Damaged,747,67.23,Large,80,A
2026-07-21T18:38:04.134147,225,0,327,1806,1080,0.555,Not Damaged,1806,162.54,Large,80,A
2026-07-21T18:38:04.212475,237,979,346,1533,1076,0.751,Not Damaged,730,65.7,Large,80,A
2026-07-21T18:38:04.292232,241,994,333,1629,1074,0.7895,Not Damaged,741,66.69,Large,80,A
2026-07-21T18:38:04.386326,237,994,313,1581,1074,0.6327,Not Damaged,761,68.49,Large,80,A
2026-07-21T18:38:04.386406,242,3,325,979,872,0.4319,Not Damaged,976,87.84,Large,80,A
2026-07-21T18:38:04.469316,213,0,320,974,873,0.5503,Not Damaged,974,87.66,Large,80,A
2026-07-21T18:38:04.469403,237,993,311,1578,1073,0.7276,Not Damaged,762,68.58,Large,80,A
2026-07-21T18:38:04.558125,213,3,327,983,869,0.407,Not Damaged,980,88.2,Large,80,A
2026-07-21T18:38:04.558211,237,995,314,1591,1075,0.6841,Not Damaged,761,68.49,Large,80,A
2026-07-21T18:38:04.676928,243,377,361,1524,1080,0.4114,Damaged,1147,103.23,Large,80,Reject
2026-07-21T18:38:04.677009,244,14,361,1020,1080,0.3397,Damaged,1006,90.54,Large,80,Reject
2026-07-21T18:38:04.750074,245,158,463,1488,1080,0.7158,Damaged,1330,119.7,Large,80,Reject
2026-07-21T18:38:04.851393,246,251,200,1073,893,0.4517,Not Damaged,822,73.98,Large,80,A
2026-07-21T18:38:04.851481,247,267,440,1081,888,0.3798,Not Damaged,814,73.26,Large,80,A
2026-07-21T18:38:04.851507,248,1089,526,1504,1050,0.3683,Not Damaged,524,47.16,Small,52.4,C
2026-07-21T18:38:04.957440,249,447,588,1414,1080,0.4274,Damaged,967,87.03,Large,80,Reject
2026-07-21T18:38:05.137699,250,820,623,1405,1080,0.3394,Not Damaged,585,52.65,Medium,73.0,B
2026-07-21T18:38:05.137785,251,787,0,1920,1068,0.3185,Damaged,1133,101.97,Large,80,Reject
2026-07-21T18:38:05.331551,250,806,629,1402,1078,0.4584,Not Damaged,596,53.64,Medium,77.2,B
2026-07-21T18:38:05.417414,250,814,633,1410,1075,0.443,Not Damaged,596,53.64,Medium,77.2,B
2026-07-21T18:38:05.581289,250,826,633,1446,1076,0.3815,Not Damaged,620,55.8,Medium,80,B
2026-07-21T18:38:05.665262,252,515,653,1460,1080,0.4281,Damaged,945,85.05,Large,80,Reject
2026-07-21T18:38:05.749613,250,843,648,1477,1080,0.4678,Not Damaged,634,57.06,Medium,80,B
2026-07-21T18:38:05.916681,250,789,626,1506,1080,0.4363,Damaged,717,64.53,Large,80,Reject
2026-07-21T18:38:05.996741,250,797,629,1464,1080,0.3555,Not Damaged,667,60.03,Large,80,A
2026-07-21T18:38:06.248930,249,423,568,1459,1080,0.4943,Damaged,1036,93.24,Large,80,Reject
2026-07-21T18:38:06.331399,253,680,573,1446,1080,0.3439,Damaged,766,68.94,Large,80,Reject
2026-07-21T18:38:06.415578,249,427,590,1441,1080,0.3507,Damaged,1014,91.26,Large,80,Reject
2026-07-21T18:38:06.518156,254,1093,600,1529,1080,0.4673,Damaged,480,43.2,Small,40.3,Reject
2026-07-21T18:38:06.518241,255,182,293,697,960,0.3708,Damaged,667,60.03,Large,80,Reject
2026-07-21T18:38:06.518264,256,168,292,1036,968,0.3282,Damaged,868,78.12,Large,80,Reject
2026-07-21T18:38:06.633626,254,1079,604,1496,1080,0.3987,Damaged,476,42.84,Small,39.3,Reject
2026-07-21T18:38:06.633715,255,97,268,743,998,0.5449,Damaged,730,65.7,Large,80,Reject
2026-07-21T18:38:06.722061,257,43,307,1494,1080,0.6497,Not Damaged,1451,130.59,Large,80,A
2026-07-21T18:38:06.722152,258,147,527,1414,1080,0.5777,Not Damaged,1267,114.03,Large,80,A
2026-07-21T18:38:06.832773,259,206,197,1481,1080,0.8369,Not Damaged,1275,114.75,Large,80,A
2026-07-21T18:38:06.922421,260,260,99,1649,1015,0.4135,Damaged,1389,125.01,Large,80,Reject
2026-07-21T18:38:07.001369,261,475,104,1545,909,0.4096,Damaged,1070,96.3,Large,80,Reject
2026-07-21T18:38:07.083839,260,478,172,1488,916,0.3886,Damaged,1010,90.9,Large,80,Reject
2026-07-21T18:38:07.334374,262,320,154,1433,978,0.4038,Damaged,1113,100.17,Large,80,Reject
2026-07-21T18:38:07.417698,259,344,240,1406,1049,0.32,Damaged,1062,95.58,Large,80,Reject
2026-07-21T18:38:07.515302,257,369,333,1243,1079,0.3272,Damaged,874,78.66,Large,80,Reject
2026-07-21T18:38:07.515382,263,369,331,1783,1080,0.5605,Damaged,1414,127.26,Large,80,Reject
2026-07-21T18:38:07.625793,264,262,514,1514,1080,0.6807,Not Damaged,1252,112.68,Large,80,A
2026-07-21T18:38:07.794230,251,795,0,1919,1072,0.5273,Damaged,1124,101.16,Large,80,Reject
2026-07-21T18:38:07.895676,251,799,0,1917,1070,0.6559,Damaged,1118,100.62,Large,80,Reject
2026-07-21T18:38:07.895764,260,0,0,1902,1080,0.3876,Damaged,1902,171.18,Large,80,Reject
2026-07-21T18:38:07.999981,265,1017,3,1916,1074,0.819,Damaged,1071,96.39,Large,80,Reject
2026-07-21T18:38:08.084585,265,1057,6,1916,1071,0.7148,Damaged,1065,95.85,Large,80,Reject
2026-07-21T18:38:08.191849,266,1235,4,1920,1059,0.6375,Damaged,1055,94.95,Large,80,Reject
2026-07-21T18:38:08.191969,267,0,565,861,1080,0.3592,Not Damaged,861,77.49,Large,80,A
2026-07-21T18:38:08.191994,268,1235,7,1919,1044,0.321,Damaged,1037,93.33,Large,80,Reject
2026-07-21T18:38:08.302420,266,1223,5,1918,1050,0.4637,Damaged,1045,94.05,Large,80,Reject
2026-07-21T18:38:08.302503,267,1,538,867,1080,0.4916,Not Damaged,866,77.94,Large,80,A
2026-07-21T18:38:08.402806,266,1207,4,1920,1050,0.3728,Damaged,1046,94.14,Large,80,Reject
2026-07-21T18:38:08.402889,267,0,516,876,1080,0.4816,Not Damaged,876,78.84,Large,80,A
2026-07-21T18:38:08.402913,268,1209,5,1918,1047,0.4985,Damaged,1042,93.78,Large,80,Reject
2026-07-21T18:38:08.509513,266,1239,5,1919,1051,0.4143,Not Damaged,1046,94.14,Large,80,A
2026-07-21T18:38:08.509600,267,0,514,960,1080,0.451,Not Damaged,960,86.4,Large,80,A
2026-07-21T18:38:08.616887,266,1289,4,1920,1055,0.4934,Damaged,1051,94.59,Large,80,Reject
2026-07-21T18:38:08.616973,267,13,564,1030,1080,0.3313,Not Damaged,1017,91.53,Large,80,A
2026-07-21T18:38:08.616997,269,2,570,658,1080,0.3569,Damaged,656,59.04,Medium,80,Reject
2026-07-21T18:38:08.617017,270,1308,6,1920,1057,0.3112,Damaged,1051,94.59,Large,80,Reject
2026-07-21T18:38:08.729666,266,1294,4,1920,1053,0.4477,Not Damaged,1049,94.41,Large,80,A
2026-07-21T18:38:08.729754,267,8,536,1040,1080,0.3351,Not Damaged,1032,92.88,Large,80,A
2026-07-21T18:38:08.729779,269,3,543,661,1080,0.5029,Damaged,658,59.22,Medium,80,Reject
2026-07-21T18:38:08.843251,266,1308,4,1920,1059,0.5118,Damaged,1055,94.95,Large,80,Reject
2026-07-21T18:38:08.843335,267,0,563,1056,1080,0.4808,Not Damaged,1056,95.04,Large,80,A
2026-07-21T18:38:08.915807,266,1309,4,1920,1057,0.5299,Damaged,1053,94.77,Large,80,Reject
2026-07-21T18:38:09.012531,266,1301,5,1920,1059,0.4331,Damaged,1054,94.86,Large,80,Reject
2026-07-21T18:38:09.012612,268,1271,5,1919,1066,0.382,Damaged,1061,95.49,Large,80,Reject
2026-07-21T18:38:09.124255,266,1281,5,1919,1065,0.4699,Damaged,1060,95.4,Large,80,Reject
2026-07-21T18:38:09.205891,271,1431,5,1920,1058,0.4797,Damaged,1053,94.77,Large,80,Reject
2026-07-21T18:38:09.323693,266,1328,6,1919,1070,0.3994,Damaged,1064,95.76,Large,80,Reject
2026-07-21T18:38:09.323778,267,9,633,1024,1080,0.3187,Not Damaged,1015,91.35,Large,80,A
2026-07-21T18:38:09.323802,272,1539,8,1920,1056,0.4697,Damaged,1048,94.32,Large,80,Reject
2026-07-21T18:38:09.323822,273,452,626,1026,1080,0.3361,Not Damaged,574,51.66,Medium,68.9,B
2026-07-21T18:38:09.425071,273,420,632,1027,1080,0.356,Not Damaged,607,54.63,Medium,80,B
2026-07-21T18:38:09.425156,274,0,64,1034,517,0.3037,Not Damaged,1034,93.06,Large,80,A
2026-07-21T18:38:09.675276,275,1578,9,1920,862,0.3176,Not Damaged,853,76.77,Large,80,A
2026-07-21T18:38:09.675466,276,489,80,1196,648,0.3059,Not Damaged,707,63.63,Large,80,A
2026-07-21T18:38:09.751310,277,1629,8,1920,998,0.3203,Damaged,990,89.1,Large,80,Reject
2026-07-21T18:38:09.845512,271,1486,9,1920,1023,0.6221,Damaged,1014,91.26,Large,80,Reject
2026-07-21T18:38:09.845585,278,0,303,1428,1080,0.3085,Damaged,1428,128.52,Large,80,Reject
2026-07-21T18:38:09.999169,279,8,278,924,666,0.4978,Damaged,916,82.44,Large,80,Reject
2026-07-21T18:38:10.249799,280,0,198,756,615,0.3251,Not Damaged,756,68.04,Large,80,A
2026-07-21T18:38:10.330679,281,4,658,711,1075,0.3581,Not Damaged,707,63.63,Large,80,A
2026-07-21T18:38:10.429118,269,4,635,710,1068,0.3067,Not Damaged,706,63.54,Large,80,A
2026-07-21T18:38:10.429205,282,723,627,1309,1080,0.4218,Damaged,586,52.74,Medium,73.3,Reject
2026-07-21T18:38:10.558114,269,5,658,687,1071,0.4519,Not Damaged,682,61.38,Large,80,A
2026-07-21T18:38:10.558203,280,2,165,699,582,0.343,Not Damaged,697,62.73,Large,80,A
2026-07-21T18:38:10.558227,282,707,643,1312,1080,0.3391,Not Damaged,605,54.45,Medium,80,B
2026-07-21T18:38:10.765220,283,777,500,1414,1080,0.5447,Not Damaged,637,57.33,Medium,80,B
2026-07-21T18:38:10.765307,284,0,5,757,451,0.4736,Damaged,757,68.13,Large,80,Reject
2026-07-21T18:38:10.765334,285,772,7,1366,386,0.3642,Not Damaged,594,53.46,Medium,76.4,B
2026-07-21T18:38:10.857793,283,804,472,1442,1080,0.7003,Not Damaged,638,57.42,Medium,80,B
2026-07-21T18:38:10.857876,285,814,0,1394,340,0.34,Not Damaged,580,52.2,Medium,71.1,B
2026-07-21T18:38:10.857900,286,0,474,786,1078,0.5958,Not Damaged,786,70.74,Large,80,A
2026-07-21T18:38:10.967871,283,835,482,1453,1080,0.6387,Not Damaged,618,55.62,Medium,80,B
2026-07-21T18:38:10.967952,286,0,483,810,1066,0.5366,Not Damaged,810,72.9,Large,80,A
2026-07-21T18:38:11.061791,283,847,500,1453,1077,0.4867,Not Damaged,606,54.54,Medium,80,B
2026-07-21T18:38:11.061870,286,0,509,822,1080,0.5923,Not Damaged,822,73.98,Large,80,A
2026-07-21T18:38:11.061893,287,850,503,1455,1080,0.5634,Not Damaged,605,54.45,Medium,80,B
2026-07-21T18:38:11.182983,283,807,492,1459,1080,0.5627,Not Damaged,652,58.68,Medium,80,B
2026-07-21T18:38:11.183071,284,0,2,802,437,0.3698,Damaged,802,72.18,Large,80,Reject
2026-07-21T18:38:11.183096,287,810,491,1456,1078,0.3924,Not Damaged,646,58.14,Medium,80,B
2026-07-21T18:38:11.297608,288,708,462,1456,1080,0.3358,Not Damaged,748,67.32,Large,80,A
2026-07-21T18:38:11.372800,289,618,420,1446,1080,0.6879,Not Damaged,828,74.52,Large,80,A
2026-07-21T18:38:11.466966,289,591,354,1468,1080,0.7515,Not Damaged,877,78.93,Large,80,A
2026-07-21T18:38:11.467048,290,1,343,566,899,0.3405,Not Damaged,565,50.85,Medium,65.7,B
2026-07-21T18:38:11.551432,289,580,315,1421,1080,0.4121,Not Damaged,841,75.69,Large,80,A
2026-07-21T18:38:11.551517,291,554,315,1429,1080,0.5062,Not Damaged,875,78.75,Large,80,A
2026-07-21T18:38:11.622593,289,554,273,1461,1076,0.5284,Not Damaged,907,81.63,Large,80,A
2026-07-21T18:38:11.718444,292,655,241,1506,1074,0.442,Not Damaged,851,76.59,Large,80,A
2026-07-21T18:38:11.718523,293,633,243,1503,1073,0.3862,Not Damaged,870,78.3,Large,80,A
2026-07-21T18:38:11.802503,294,746,232,1561,1074,0.4301,Not Damaged,842,75.78,Large,80,A
2026-07-21T18:38:11.802586,295,765,230,1562,1074,0.3713,Not Damaged,844,75.96,Large,80,A
2026-07-21T18:38:11.890649,289,56,266,1882,1079,0.6198,Damaged,1826,164.34,Large,80,Reject
2026-07-21T18:38:11.890734,295,818,276,1589,1072,0.349,Not Damaged,796,71.64,Large,80,A
2026-07-21T18:38:12.008210,295,853,296,1586,1073,0.853,Not Damaged,777,69.93,Large,80,A
2026-07-21T18:38:12.008298,296,0,298,823,1000,0.4371,Not Damaged,823,74.07,Large,80,A
2026-07-21T18:38:12.094223,295,862,300,1588,1074,0.7007,Not Damaged,774,69.66,Large,80,A
2026-07-21T18:38:12.094315,296,0,307,830,1044,0.6477,Not Damaged,830,74.7,Large,80,A
2026-07-21T18:38:12.175506,295,869,303,1589,1074,0.6894,Not Damaged,771,69.39,Large,80,A
2026-07-21T18:38:12.175593,296,0,309,836,1001,0.6184,Not Damaged,836,75.24,Large,80,A
2026-07-21T18:38:12.262603,295,874,306,1589,1074,0.7322,Not Damaged,768,69.12,Large,80,A
2026-07-21T18:38:12.262689,296,0,319,851,1030,0.6168,Not Damaged,851,76.59,Large,80,A
2026-07-21T18:38:12.387420,295,879,294,1592,1072,0.6077,Not Damaged,778,70.02,Large,80,A
2026-07-21T18:38:12.387513,296,0,293,857,1044,0.3031,Not Damaged,857,77.13,Large,80,A
2026-07-21T18:38:12.469398,295,889,233,1597,1069,0.8034,Not Damaged,836,75.24,Large,80,A
2026-07-21T18:38:12.469485,296,0,244,873,1080,0.4011,Damaged,873,78.57,Large,80,Reject
2026-07-21T18:38:12.575148,295,898,173,1607,1071,0.715,Not Damaged,898,80.82,Large,80,A
2026-07-21T18:38:12.575241,296,0,178,876,1062,0.3903,Damaged,884,79.56,Large,80,Reject
2026-07-21T18:38:12.575267,297,193,782,867,1080,0.3443,Not Damaged,674,60.66,Large,80,A
2026-07-21T18:38:12.575285,298,898,187,1644,1072,0.3193,Not Damaged,885,79.65,Large,80,A
2026-07-21T18:38:12.688996,295,888,163,1600,1074,0.6594,Not Damaged,911,81.99,Large,80,A
2026-07-21T18:38:12.689079,296,0,159,871,1069,0.3047,Damaged,910,81.9,Large,80,Reject
2026-07-21T18:38:12.689101,298,895,155,1595,1075,0.4365,Not Damaged,920,82.8,Large,80,A
2026-07-21T18:38:12.800240,295,888,170,1586,1075,0.7415,Damaged,905,81.45,Large,80,Reject
2026-07-21T18:38:12.800327,298,896,160,1549,1078,0.4999,Not Damaged,918,82.62,Large,80,A
2026-07-21T18:38:12.907051,279,0,158,889,783,0.3865,Not Damaged,889,80.01,Large,80,A
2026-07-21T18:38:12.907146,295,910,148,1550,1064,0.4459,Not Damaged,916,82.44,Large,80,A
2026-07-21T18:38:12.907170,297,234,714,881,1080,0.3486,Not Damaged,647,58.23,Medium,80,B
2026-07-21T18:38:12.907188,298,905,151,1597,1065,0.7924,Not Damaged,914,82.26,Large,80,A
2026-07-21T18:38:13.028878,279,0,159,886,763,0.5347,Not Damaged,886,79.74,Large,80,A
2026-07-21T18:38:13.028965,295,911,144,1550,1057,0.48,Not Damaged,913,82.17,Large,80,A
2026-07-21T18:38:13.028989,297,245,706,889,1080,0.4637,Not Damaged,644,57.96,Medium,80,B
2026-07-21T18:38:13.029008,298,907,146,1572,1057,0.8222,Not Damaged,911,81.99,Large,80,A
2026-07-21T18:38:13.148073,295,905,157,1545,1069,0.514,Not Damaged,912,82.08,Large,80,A
2026-07-21T18:38:13.148161,296,0,170,889,1060,0.408,Damaged,890,80.1,Large,80,Reject
2026-07-21T18:38:13.148186,298,897,168,1568,1067,0.7803,Not Damaged,899,80.91,Large,80,A
2026-07-21T18:38:13.272728,295,898,136,1547,1049,0.5023,Not Damaged,913,82.17,Large,80,A
2026-07-21T18:38:13.272821,296,1,146,877,1080,0.4718,Damaged,934,84.06,Large,80,Reject
2026-07-21T18:38:13.272846,298,890,134,1576,1049,0.7537,Not Damaged,915,82.35,Large,80,A
2026-07-21T18:38:13.395444,295,901,128,1550,1041,0.4235,Not Damaged,913,82.17,Large,80,A
2026-07-21T18:38:13.395527,297,232,689,876,1080,0.406,Not Damaged,644,57.96,Medium,80,B
2026-07-21T18:38:13.395550,298,895,126,1579,1040,0.8025,Not Damaged,914,82.26,Large,80,A
2026-07-21T18:38:13.531777,295,912,119,1565,1036,0.6653,Not Damaged,917,82.53,Large,80,A
2026-07-21T18:38:13.531860,297,235,681,884,1080,0.6208,Not Damaged,649,58.41,Medium,80,B
2026-07-21T18:38:13.531883,298,907,115,1588,1037,0.7241,Not Damaged,922,82.98,Large,80,A
2026-07-21T18:38:13.531903,299,0,123,891,986,0.305,Damaged,891,80.19,Large,80,Reject
2026-07-21T18:38:13.648410,295,910,98,1584,1036,0.7996,Not Damaged,938,84.42,Large,80,A
2026-07-21T18:38:13.648497,296,0,98,896,1080,0.5438,Damaged,982,88.38,Large,80,Reject
2026-07-21T18:38:13.648520,298,911,95,1574,1030,0.3588,Not Damaged,935,84.15,Large,80,A
2026-07-21T18:38:13.773213,295,924,89,1590,1030,0.5004,Not Damaged,941,84.69,Large,80,A
2026-07-21T18:38:13.773326,296,0,85,907,1080,0.6067,Damaged,995,89.55,Large,80,Reject
2026-07-21T18:38:13.773350,298,926,89,1593,1026,0.7564,Not Damaged,937,84.33,Large,80,A
2026-07-21T18:38:13.909281,295,934,100,1596,1038,0.7796,Not Damaged,938,84.42,Large,80,A
2026-07-21T18:38:13.909373,296,0,103,907,1002,0.3243,Damaged,907,81.63,Large,80,Reject
2026-07-21T18:38:13.909398,297,236,671,901,1080,0.6597,Not Damaged,665,59.85,Medium,80,B
2026-07-21T18:38:13.909416,298,933,103,1593,1040,0.449,Not Damaged,937,84.33,Large,80,A
2026-07-21T18:38:14.031691,295,941,98,1612,1034,0.7372,Not Damaged,936,84.24,Large,80,A
2026-07-21T18:38:14.031771,296,1,84,918,1080,0.3247,Damaged,996,89.64,Large,80,Reject
2026-07-21T18:38:14.031793,297,251,664,913,1080,0.3428,Not Damaged,662,59.58,Medium,80,B
2026-07-21T18:38:14.031811,300,1,93,924,727,0.4987,Not Damaged,923,83.07,Large,80,A
2026-07-21T18:38:14.169203,295,947,96,1607,1042,0.3535,Not Damaged,946,85.14,Large,80,A
2026-07-21T18:38:14.169293,296,0,85,926,1077,0.3632,Damaged,992,89.28,Large,80,Reject
2026-07-21T18:38:14.169317,297,253,669,915,1080,0.4272,Not Damaged,662,59.58,Medium,80,B
2026-07-21T18:38:14.169336,298,945,100,1620,1037,0.8017,Not Damaged,937,84.33,Large,80,A
2026-07-21T18:38:14.169353,300,0,95,926,727,0.5628,Not Damaged,926,83.34,Large,80,A
2026-07-21T18:38:14.271183,295,934,95,1602,1041,0.7713,Not Damaged,946,85.14,Large,80,A
2026-07-21T18:38:14.271274,296,0,93,908,1080,0.4665,Damaged,987,88.83,Large,80,Reject
2026-07-21T18:38:14.271298,297,227,670,900,1080,0.3371,Not Damaged,673,60.57,Large,80,A
2026-07-21T18:38:14.398510,295,926,89,1598,1039,0.7583,Not Damaged,950,85.5,Large,80,A
2026-07-21T18:38:14.398629,296,0,84,903,1080,0.5645,Damaged,996,89.64,Large,80,Reject
2026-07-21T18:38:14.398654,298,924,89,1595,1042,0.4892,Not Damaged,953,85.77,Large,80,A
2026-07-21T18:38:14.513085,301,2,109,1865,1080,0.6736,Not Damaged,1863,167.67,Large,80,A
2026-07-21T18:38:14.625765,292,270,240,1884,1080,0.7165,Not Damaged,1614,145.26,Large,80,A
2026-07-21T18:38:14.704787,294,466,298,1909,1080,0.3402,Not Damaged,1443,129.87,Large,80,A
2026-07-21T18:38:14.873610,302,0,347,1412,1080,0.6614,Damaged,1412,127.08,Large,80,Reject
2026-07-21T18:38:14.983543,303,670,347,1434,841,0.5774,Not Damaged,764,68.76,Large,80,A
2026-07-21T18:38:14.983633,304,8,419,637,1073,0.439,Not Damaged,654,58.86,Medium,80,B
2026-07-21T18:38:14.983656,305,1456,368,1920,1080,0.3272,Not Damaged,712,64.08,Large,80,A
2026-07-21T18:38:15.113285,303,713,325,1467,819,0.6649,Not Damaged,754,67.86,Large,80,A
2026-07-21T18:38:15.113369,304,29,395,683,1056,0.7045,Not Damaged,661,59.49,Medium,80,B
2026-07-21T18:38:15.113392,305,1493,336,1920,1079,0.4416,Not Damaged,743,66.87,Large,80,A
2026-07-21T18:38:15.113413,306,716,318,1465,814,0.489,Not Damaged,749,67.41,Large,80,A
2026-07-21T18:38:15.218951,294,726,312,1569,1080,0.4097,Not Damaged,843,75.87,Large,80,A
2026-07-21T18:38:15.219289,307,721,309,1920,1080,0.4899,Not Damaged,1199,107.91,Large,80,A
2026-07-21T18:38:15.304024,303,753,326,1497,812,0.3825,Not Damaged,744,66.96,Large,80,A
2026-07-21T18:38:15.304110,305,1513,339,1919,1079,0.3082,Not Damaged,740,66.6,Large,80,A
2026-07-21T18:38:15.423660,303,752,326,1501,813,0.7283,Not Damaged,749,67.41,Large,80,A
2026-07-21T18:38:15.423746,304,60,392,724,1036,0.4361,Not Damaged,664,59.76,Medium,80,B
2026-07-21T18:38:15.507798,303,751,329,1498,819,0.5181,Not Damaged,747,67.23,Large,80,A
2026-07-21T18:38:15.507887,304,56,396,718,1052,0.6049,Not Damaged,662,59.58,Medium,80,B
2026-07-21T18:38:15.603600,303,746,330,1493,828,0.5487,Not Damaged,747,67.23,Large,80,A
2026-07-21T18:38:15.603683,304,47,398,712,1063,0.7103,Not Damaged,665,59.85,Medium,80,B
2026-07-21T18:38:15.603705,306,741,328,1493,829,0.4201,Not Damaged,752,67.68,Large,80,A
2026-07-21T18:38:15.716654,303,745,335,1484,878,0.44,Not Damaged,739,66.51,Large,80,A
2026-07-21T18:38:15.716739,304,47,404,710,1064,0.577,Not Damaged,663,59.67,Medium,80,B
2026-07-21T18:38:15.812231,303,731,333,1483,829,0.5507,Not Damaged,752,67.68,Large,80,A
2026-07-21T18:38:15.812352,304,42,400,705,1063,0.5908,Not Damaged,663,59.67,Medium,80,B
2026-07-21T18:38:15.812378,305,1503,350,1919,1080,0.3524,Not Damaged,730,65.7,Large,80,A
2026-07-21T18:38:15.946765,303,725,315,1474,814,0.6763,Not Damaged,749,67.41,Large,80,A
2026-07-21T18:38:15.946856,304,38,389,696,1034,0.6566,Not Damaged,658,59.22,Medium,80,B
2026-07-21T18:38:15.946879,305,1500,319,1920,1080,0.5243,Not Damaged,761,68.49,Large,80,A
2026-07-21T18:38:15.946897,306,724,313,1470,815,0.4463,Not Damaged,746,67.14,Large,80,A
2026-07-21T18:38:16.082129,303,727,300,1475,802,0.4348,Not Damaged,748,67.32,Large,80,A
2026-07-21T18:38:16.082218,304,33,372,693,1026,0.3325,Not Damaged,660,59.4,Medium,80,B
2026-07-21T18:38:16.082242,305,1504,309,1920,1080,0.4756,Not Damaged,771,69.39,Large,80,A
2026-07-21T18:38:16.082261,306,729,300,1479,797,0.5124,Not Damaged,750,67.5,Large,80,A
2026-07-21T18:38:16.082278,308,35,376,695,1015,0.399,Not Damaged,660,59.4,Medium,80,B
2026-07-21T18:38:16.183383,303,729,298,1480,801,0.495,Not Damaged,751,67.59,Large,80,A
2026-07-21T18:38:16.183470,304,37,374,698,1010,0.371,Not Damaged,661,59.49,Medium,80,B
2026-07-21T18:38:16.183495,305,1506,307,1919,1080,0.3813,Not Damaged,773,69.57,Large,80,A
2026-07-21T18:38:16.301109,302,7,339,1464,1080,0.5331,Not Damaged,1457,131.13,Large,80,A
2026-07-21T18:38:16.301195,305,1479,366,1920,1080,0.3403,Not Damaged,714,64.26,Large,80,A
2026-07-21T18:38:16.372489,309,1446,465,1920,1080,0.4195,Damaged,615,55.35,Medium,80,Reject
2026-07-21T18:38:16.457147,310,520,614,1920,1080,0.5393,Not Damaged,1400,126.0,Large,80,A
2026-07-21T18:38:16.539487,311,532,8,1356,589,0.7354,Damaged,824,74.16,Large,80,Reject
2026-07-21T18:38:16.635175,312,13,98,1734,721,0.7656,Not Damaged,1721,154.89,Large,80,A
2026-07-21T18:38:16.635265,313,419,99,1365,681,0.5578,Damaged,946,85.14,Large,80,Reject
2026-07-21T18:38:16.706239,314,3,166,1653,802,0.3356,Not Damaged,1650,148.5,Large,80,A
2026-07-21T18:38:16.884355,315,0,216,608,822,0.4004,Not Damaged,608,54.72,Medium,80,B
2026-07-21T18:38:16.884441,316,631,203,1406,753,0.3391,Damaged,775,69.75,Large,80,Reject
2026-07-21T18:38:16.959503,316,620,182,1401,742,0.3157,Damaged,781,70.29,Large,80,Reject
2026-07-21T18:38:17.043502,316,612,161,1402,726,0.3246,Damaged,790,71.1,Large,80,Reject
2026-07-21T18:38:17.375340,316,534,176,1465,736,0.3673,Damaged,931,83.79,Large,80,Reject
2026-07-21T18:38:17.457422,316,587,178,1376,734,0.5191,Damaged,789,71.01,Large,80,Reject
2026-07-21T18:38:17.550350,315,3,201,569,818,0.3959,Damaged,617,55.53,Medium,80,Reject
2026-07-21T18:38:17.550434,316,580,184,1378,751,0.5035,Damaged,798,71.82,Large,80,Reject
2026-07-21T18:38:17.642094,316,584,226,1377,800,0.3928,Damaged,793,71.37,Large,80,Reject
2026-07-21T18:38:17.642191,317,582,225,1373,807,0.3055,Damaged,791,71.19,Large,80,Reject
2026-07-21T18:38:17.747641,301,579,294,1378,862,0.4496,Damaged,799,71.91,Large,80,Reject
2026-07-21T18:38:17.831147,301,608,311,1387,872,0.3293,Damaged,779,70.11,Large,80,Reject
2026-07-21T18:38:18.176593,318,4,298,598,913,0.5971,Damaged,615,55.35,Medium,80,Reject
2026-07-21T18:38:18.396823,316,622,251,1397,819,0.3851,Damaged,775,69.75,Large,80,Reject
2026-07-21T18:38:18.396916,317,622,248,1401,823,0.3125,Damaged,779,70.11,Large,80,Reject
2026-07-21T18:38:18.396940,318,4,265,600,879,0.449,Damaged,614,55.26,Medium,80,Reject
2026-07-21T18:38:18.611820,319,1374,185,1909,679,0.4129,Damaged,535,48.15,Small,55.8,Reject
2026-07-21T18:38:18.611911,320,17,149,1364,758,0.3942,Damaged,1347,121.23,Large,80,Reject
2026-07-21T18:38:18.611936,321,3,149,1824,801,0.3382,Not Damaged,1821,163.89,Large,80,A
2026-07-21T18:38:18.713268,322,0,100,1194,701,0.3397,Not Damaged,1194,107.46,Large,80,A
2026-07-21T18:38:18.819655,323,0,607,1136,1080,0.3583,Not Damaged,1136,102.24,Large,80,A
2026-07-21T18:38:18.819761,324,0,7,1118,589,0.3553,Not Damaged,1118,100.62,Large,80,A
2026-07-21T18:38:19.018378,325,116,221,1579,1080,0.6243,Not Damaged,1463,131.67,Large,80,A
2026-07-21T18:38:19.133410,303,782,88,1385,943,0.8329,Not Damaged,855,76.95,Large,80,A
2026-07-21T18:38:19.212144,326,7,0,1511,1080,0.7142,Not Damaged,1504,135.36,Large,80,A
2026-07-21T18:38:19.295980,327,0,0,1850,1080,0.5856,Not Damaged,1850,166.5,Large,80,A
2026-07-21T18:38:19.386495,327,10,0,1771,1080,0.8549,Damaged,1761,158.49,Large,80,Reject
2026-07-21T18:38:19.522063,316,138,0,1920,1080,0.3905,Damaged,1782,160.38,Large,80,Reject
2026-07-21T18:38:19.522156,317,31,0,1920,1080,0.5649,Damaged,1889,170.01,Large,80,Reject
2026-07-21T18:38:19.644650,317,13,0,1919,1080,0.3413,Damaged,1906,171.54,Large,80,Reject
2026-07-21T18:38:19.644738,328,535,7,1874,1080,0.4406,Damaged,1339,120.51,Large,80,Reject
2026-07-21T18:38:19.754660,328,546,2,1777,1077,0.3787,Damaged,1231,110.79,Large,80,Reject
2026-07-21T18:38:19.834685,306,537,0,1763,1080,0.4695,Damaged,1226,110.34,Large,80,Reject
2026-07-21T18:38:19.917511,329,77,0,1256,1080,0.5571,Not Damaged,1179,106.11,Large,80,A
2026-07-21T18:38:20.011342,326,185,0,1266,1077,0.3713,Not Damaged,1081,97.29,Large,80,A
2026-07-21T18:38:20.011428,330,1264,5,1686,658,0.3784,Damaged,653,58.77,Medium,80,Reject
2026-07-21T18:38:20.097881,331,753,2,1707,1056,0.4098,Not Damaged,1054,94.86,Large,80,A
2026-07-21T18:38:20.097972,332,758,1,1708,1058,0.3655,Not Damaged,1057,95.13,Large,80,A
2026-07-21T18:38:20.213183,317,41,0,1894,1035,0.4967,Not Damaged,1853,166.77,Large,80,A
2026-07-21T18:38:20.308391,333,225,449,761,873,0.6121,Not Damaged,536,48.24,Small,56.1,C
2026-07-21T18:38:20.308477,334,777,224,1347,994,0.5333,Not Damaged,770,69.3,Large,80,A
2026-07-21T18:38:20.308502,335,777,224,1345,993,0.3748,Not Damaged,769,69.21,Large,80,A
2026-07-21T18:38:20.435975,301,754,203,1332,997,0.5507,Not Damaged,794,71.46,Large,80,A
2026-07-21T18:38:20.436065,333,200,427,733,868,0.559,Not Damaged,533,47.97,Small,55.2,C
2026-07-21T18:38:20.436091,334,751,199,1338,988,0.3836,Not Damaged,789,71.01,Large,80,A
2026-07-21T18:38:20.558334,301,774,204,1351,983,0.5199,Not Damaged,779,70.11,Large,80,A
2026-07-21T18:38:20.558424,333,226,430,759,867,0.4896,Not Damaged,533,47.97,Small,55.2,C
2026-07-21T18:38:20.558448,334,774,201,1352,982,0.3684,Not Damaged,781,70.29,Large,80,A
2026-07-21T18:38:20.684249,301,776,197,1354,984,0.3192,Not Damaged,787,70.83,Large,80,A
2026-07-21T18:38:20.684342,333,227,431,757,868,0.5592,Not Damaged,530,47.7,Small,54.3,C
2026-07-21T18:38:20.684366,334,775,189,1352,985,0.5065,Not Damaged,796,71.64,Large,80,A
2026-07-21T18:38:20.808753,333,211,416,739,848,0.3413,Not Damaged,528,47.52,Small,53.7,C
2026-07-21T18:38:20.808840,336,761,7,1792,1002,0.6621,Not Damaged,1031,92.79,Large,80,A
2026-07-21T18:38:20.949811,301,741,205,1321,992,0.3459,Not Damaged,787,70.83,Large,80,A
2026-07-21T18:38:20.949897,333,202,438,724,870,0.538,Not Damaged,522,46.98,Small,51.8,C
2026-07-21T18:38:20.949922,334,742,210,1319,990,0.4281,Not Damaged,780,70.2,Large,80,A
2026-07-21T18:38:21.055609,301,735,200,1311,989,0.3133,Not Damaged,789,71.01,Large,80,A
2026-07-21T18:38:21.055748,333,199,438,722,869,0.5018,Not Damaged,523,47.07,Small,52.1,C
2026-07-21T18:38:21.218932,301,734,200,1312,985,0.3886,Not Damaged,785,70.65,Large,80,A
2026-07-21T18:38:21.219023,333,194,430,720,868,0.5883,Not Damaged,526,47.34,Small,53.0,C
2026-07-21T18:38:21.219048,334,733,194,1316,986,0.3779,Not Damaged,792,71.28,Large,80,A
2026-07-21T18:38:21.337042,333,203,456,724,872,0.5301,Not Damaged,521,46.89,Small,51.5,C
2026-07-21T18:38:21.426465,331,732,0,1777,1030,0.3421,Not Damaged,1045,94.05,Large,80,A
2026-07-21T18:38:21.426554,333,203,450,724,870,0.4877,Not Damaged,521,46.89,Small,51.5,C
2026-07-21T18:38:21.512356,316,154,0,1825,1031,0.4135,Not Damaged,1671,150.39,Large,80,A
2026-07-21T18:38:21.697320,316,26,0,1880,1080,0.5961,Damaged,1854,166.86,Large,80,Reject
2026-07-21T18:38:21.697411,327,18,0,1734,1080,0.5693,Not Damaged,1716,154.44,Large,80,A
2026-07-21T18:38:21.811411,337,151,4,1338,732,0.4362,Not Damaged,1187,106.83,Large,80,A
2026-07-21T18:38:21.811507,338,1584,9,1920,1059,0.3113,Damaged,1050,94.5,Large,80,Reject
2026-07-21T18:38:22.110754,339,0,340,1069,1076,0.7501,Not Damaged,1069,96.21,Large,80,A
2026-07-21T18:38:22.110912,340,1456,5,1920,1059,0.3538,Damaged,1054,94.86,Large,80,Reject
2026-07-21T18:38:22.242435,341,1146,4,1917,1069,0.545,Damaged,1065,95.85,Large,80,Reject
2026-07-21T18:38:22.242544,342,1150,3,1919,1063,0.3761,Damaged,1060,95.4,Large,80,Reject
2026-07-21T18:38:22.242571,343,4,320,863,1080,0.3689,Not Damaged,859,77.31,Large,80,A
2026-07-21T18:38:22.352192,329,12,6,1260,1080,0.8975,Not Damaged,1248,112.32,Large,80,A
2026-07-21T18:38:22.352281,338,1505,4,1917,1063,0.3344,Damaged,1059,95.31,Large,80,Reject
2026-07-21T18:38:22.461365,327,27,2,1641,1069,0.8572,Not Damaged,1614,145.26,Large,80,A
2026-07-21T18:38:22.544261,327,28,0,1595,1006,0.3488,Damaged,1567,141.03,Large,80,Reject
2026-07-21T18:38:22.620639,344,684,0,1266,928,0.3811,Damaged,928,83.52,Large,80,Reject
2026-07-21T18:38:22.718137,344,667,4,1227,881,0.6135,Not Damaged,877,78.93,Large,80,A
2026-07-21T18:38:22.718222,345,660,4,1584,876,0.6239,Damaged,924,83.16,Large,80,Reject
2026-07-21T18:38:22.829086,306,663,34,1642,951,0.3029,Damaged,979,88.11,Large,80,Reject
2026-07-21T18:38:22.829177,344,667,19,1223,890,0.3052,Not Damaged,871,78.39,Large,80,A
2026-07-21T18:38:22.829201,345,663,29,1663,883,0.4542,Not Damaged,1000,90.0,Large,80,A
2026-07-21T18:38:22.829220,346,667,18,1219,892,0.4112,Not Damaged,874,78.66,Large,80,A
2026-07-21T18:38:22.931739,306,644,35,1600,875,0.4244,Not Damaged,956,86.04,Large,80,A
2026-07-21T18:38:22.931831,344,651,19,1194,883,0.6572,Not Damaged,864,77.76,Large,80,A
2026-07-21T18:38:23.075209,306,632,3,1649,884,0.3399,Damaged,1017,91.53,Large,80,Reject
2026-07-21T18:38:23.075305,344,648,3,1232,889,0.3125,Not Damaged,886,79.74,Large,80,A
2026-07-21T18:38:23.075331,345,640,5,1707,877,0.493,Not Damaged,1067,96.03,Large,80,A
2026-07-21T18:38:23.177243,316,656,12,1240,976,0.6805,Not Damaged,964,86.76,Large,80,A
2026-07-21T18:38:23.177330,328,670,21,1716,1002,0.5641,Damaged,1046,94.14,Large,80,Reject
2026-07-21T18:38:23.301021,316,691,23,1253,904,0.579,Not Damaged,881,79.29,Large,80,A
2026-07-21T18:38:23.301110,344,691,24,1250,891,0.5083,Not Damaged,867,78.03,Large,80,A
2026-07-21T18:38:23.509327,331,745,34,1797,942,0.4446,Not Damaged,1052,94.68,Large,80,A
2026-07-21T18:38:23.509418,347,745,32,1300,924,0.3107,Not Damaged,892,80.28,Large,80,A
2026-07-21T18:38:23.605207,331,745,38,1826,906,0.3052,Not Damaged,1081,97.29,Large,80,A
2026-07-21T18:38:23.605296,347,752,32,1302,875,0.4582,Not Damaged,843,75.87,Large,80,A
2026-07-21T18:38:23.605320,348,3,478,732,988,0.4481,Not Damaged,729,65.61,Large,80,A
2026-07-21T18:38:23.720065,331,773,80,1740,888,0.4419,Not Damaged,967,87.03,Large,80,A
2026-07-21T18:38:23.720155,332,777,77,1742,906,0.3366,Not Damaged,965,86.85,Large,80,A
2026-07-21T18:38:23.829131,349,780,109,1293,924,0.5653,Not Damaged,815,73.35,Large,80,A
2026-07-21T18:38:23.939720,301,793,140,1296,957,0.3942,Not Damaged,817,73.53,Large,80,A
2026-07-21T18:38:23.939810,349,790,136,1303,902,0.4137,Not Damaged,766,68.94,Large,80,A
2026-07-21T18:38:23.939835,350,5,542,779,1019,0.4121,Not Damaged,774,69.66,Large,80,A
2026-07-21T18:38:24.057295,301,789,155,1288,938,0.4765,Not Damaged,783,70.47,Large,80,A
2026-07-21T18:38:24.057379,349,789,161,1289,915,0.4093,Not Damaged,754,67.86,Large,80,A
2026-07-21T18:38:24.173874,350,4,591,772,1066,0.5217,Not Damaged,768,69.12,Large,80,A
2026-07-21T18:38:24.173958,351,784,165,1741,963,0.7142,Not Damaged,957,86.13,Large,80,A
2026-07-21T18:38:24.269281,301,792,158,1355,934,0.3036,Not Damaged,776,69.84,Large,80,A
2026-07-21T18:38:24.269366,350,1,580,774,1047,0.4038,Not Damaged,773,69.57,Large,80,A
2026-07-21T18:38:24.269390,351,789,153,1798,957,0.4338,Not Damaged,1009,90.81,Large,80,A
2026-07-21T18:38:24.395487,350,4,581,795,1067,0.3629,Not Damaged,791,71.19,Large,80,A
2026-07-21T18:38:24.395563,351,804,156,1781,982,0.3601,Not Damaged,977,87.93,Large,80,A
2026-07-21T18:38:24.395588,352,803,157,1457,966,0.3882,Not Damaged,809,72.81,Large,80,A
2026-07-21T18:38:24.497002,336,788,128,1818,965,0.494,Not Damaged,1030,92.7,Large,80,A
2026-07-21T18:38:24.591889,336,776,139,1775,989,0.36,Not Damaged,999,89.91,Large,80,A
2026-07-21T18:38:24.591977,350,5,566,765,1059,0.3648,Not Damaged,760,68.4,Large,80,A
2026-07-21T18:38:24.664561,336,765,135,1769,978,0.5529,Not Damaged,1004,90.36,Large,80,A
2026-07-21T18:38:24.756953,334,748,127,1289,994,0.4739,Not Damaged,867,78.03,Large,80,A
2026-07-21T18:38:24.757037,349,748,122,1287,992,0.5066,Not Damaged,870,78.3,Large,80,A
2026-07-21T18:38:24.840402,334,734,104,1275,977,0.5163,Not Damaged,873,78.57,Large,80,A
2026-07-21T18:38:24.840488,350,7,599,712,1072,0.3686,Not Damaged,705,63.45,Large,80,A
2026-07-21T18:38:24.930096,334,739,120,1277,978,0.6355,Not Damaged,858,77.22,Large,80,A
2026-07-21T18:38:24.930178,349,738,126,1282,987,0.3237,Not Damaged,861,77.49,Large,80,A
2026-07-21T18:38:25.065873,334,735,154,1266,971,0.5045,Not Damaged,817,73.53,Large,80,A
2026-07-21T18:38:25.065987,349,733,151,1272,994,0.4667,Not Damaged,843,75.87,Large,80,A
2026-07-21T18:38:25.066012,350,6,583,711,1070,0.5207,Not Damaged,705,63.45,Large,80,A
2026-07-21T18:38:25.174189,334,739,160,1269,970,0.5628,Not Damaged,810,72.9,Large,80,A
2026-07-21T18:38:25.174273,349,737,154,1273,989,0.4154,Not Damaged,835,75.15,Large,80,A
2026-07-21T18:38:25.261652,334,758,161,1290,1001,0.3649,Not Damaged,840,75.6,Large,80,A
2026-07-21T18:38:25.261738,352,759,161,1576,982,0.4137,Not Damaged,821,73.89,Large,80,A
2026-07-21T18:38:25.469149,353,340,164,1573,1059,0.302,Damaged,1233,110.97,Large,80,Reject
2026-07-21T18:38:25.592851,354,912,166,1852,970,0.5096,Not Damaged,940,84.6,Large,80,A
2026-07-21T18:38:25.592939,355,933,167,1840,963,0.345,Not Damaged,907,81.63,Large,80,A
2026-07-21T18:38:25.718555,354,913,151,1831,956,0.421,Not Damaged,918,82.62,Large,80,A
2026-07-21T18:38:25.718643,355,910,149,1829,935,0.4304,Not Damaged,919,82.71,Large,80,A
2026-07-21T18:38:25.800623,328,896,159,1422,926,0.3972,Damaged,767,69.03,Large,80,Reject
2026-07-21T18:38:25.800717,354,898,158,1820,937,0.3481,Damaged,922,82.98,Large,80,Reject
2026-07-21T18:38:25.893200,328,897,158,1425,927,0.4134,Damaged,769,69.21,Large,80,Reject
2026-07-21T18:38:25.893288,354,895,155,1832,942,0.3828,Not Damaged,937,84.33,Large,80,A
2026-07-21T18:38:25.893313,356,29,570,889,1037,0.4184,Not Damaged,860,77.4,Large,80,A
2026-07-21T18:38:25.996806,354,904,150,1822,944,0.4233,Not Damaged,918,82.62,Large,80,A
2026-07-21T18:38:26.091591,354,898,150,1817,928,0.4626,Not Damaged,919,82.71,Large,80,A
2026-07-21T18:38:26.091674,356,24,559,887,1027,0.3171,Not Damaged,863,77.67,Large,80,A
2026-07-21T18:38:26.163502,354,882,162,1805,939,0.3763,Not Damaged,923,83.07,Large,80,A
2026-07-21T18:38:26.340333,328,477,155,1864,1013,0.4252,Damaged,1387,124.83,Large,80,Reject
2026-07-21T18:38:26.443628,301,798,159,1342,965,0.3752,Not Damaged,806,72.54,Large,80,A
2026-07-21T18:38:26.443729,334,800,163,1325,973,0.3269,Not Damaged,810,72.9,Large,80,A
2026-07-21T18:38:26.443755,350,5,578,791,1062,0.4217,Not Damaged,786,70.74,Large,80,A
2026-07-21T18:38:26.553492,357,804,9,1770,817,0.7202,Not Damaged,966,86.94,Large,80,A
2026-07-21T18:38:26.553584,358,806,10,1341,808,0.4318,Not Damaged,798,71.82,Large,80,A
2026-07-21T18:38:26.673299,359,830,3,1769,688,0.52,Damaged,939,84.51,Large,80,Reject
2026-07-21T18:38:26.673384,360,829,4,1342,690,0.4393,Damaged,686,61.74,Large,80,Reject
2026-07-21T18:38:26.769501,359,823,4,1776,658,0.3159,Damaged,953,85.77,Large,80,Reject
2026-07-21T18:38:26.769577,360,821,1,1338,651,0.5496,Damaged,650,58.5,Medium,80,Reject
2026-07-21T18:38:26.769601,361,825,3,1778,653,0.3668,Damaged,953,85.77,Large,80,Reject
2026-07-21T18:38:27.055527,362,89,0,1242,816,0.6023,Not Damaged,1153,103.77,Large,80,A
2026-07-21T18:38:27.055825,363,214,0,1243,794,0.4105,Not Damaged,1029,92.61,Large,80,A
2026-07-21T18:38:27.174710,362,67,0,1190,808,0.4702,Not Damaged,1123,101.07,Large,80,A
2026-07-21T18:38:27.174801,364,1199,5,1664,505,0.3584,Damaged,500,45.0,Small,45.6,Reject
2026-07-21T18:38:27.247677,362,85,0,1156,729,0.3923,Not Damaged,1071,96.39,Large,80,A
2026-07-21T18:38:27.346883,365,35,0,1175,860,0.3206,Not Damaged,1140,102.6,Large,80,A
2026-07-21T18:38:27.347034,366,31,0,1416,1021,0.3175,Damaged,1385,124.65,Large,80,Reject
2026-07-21T18:38:27.471400,367,7,0,988,823,0.4673,Not Damaged,981,88.29,Large,80,A
2026-07-21T18:38:27.471494,368,114,1,1555,1077,0.3184,Not Damaged,1441,129.69,Large,80,A
2026-07-21T18:38:27.555347,368,0,0,1695,1077,0.6152,Damaged,1695,152.55,Large,80,Reject
2026-07-21T18:38:27.667094,369,0,0,1247,1073,0.468,Damaged,1247,112.23,Large,80,Reject
2026-07-21T18:38:27.758059,370,1513,6,1917,1064,0.3555,Damaged,1058,95.22,Large,80,Reject
2026-07-21T18:38:27.758142,371,4,0,535,768,0.3422,Damaged,768,69.12,Large,80,Reject
2026-07-21T18:38:27.840780,370,1454,5,1920,1065,0.3487,Damaged,1060,95.4,Large,80,Reject
2026-07-21T18:38:27.840865,371,1,0,479,771,0.4365,Damaged,771,69.39,Large,80,Reject
2026-07-21T18:38:27.929363,370,1435,4,1920,1063,0.3931,Damaged,1059,95.31,Large,80,Reject
2026-07-21T18:38:27.929450,372,0,1,1063,1035,0.3239,Damaged,1063,95.67,Large,80,Reject
2026-07-21T18:38:28.044148,373,1,12,421,675,0.4098,Damaged,663,59.67,Medium,80,Reject
2026-07-21T18:38:28.144767,370,1500,5,1917,1066,0.3398,Damaged,1061,95.49,Large,80,Reject
2026-07-21T18:38:28.260167,370,1483,6,1920,1063,0.3041,Damaged,1057,95.13,Large,80,Reject
2026-07-21T18:38:28.260260,374,42,487,542,922,0.3279,Not Damaged,500,45.0,Small,45.6,C
2026-07-21T18:38:28.380344,370,1490,4,1917,1064,0.3821,Damaged,1060,95.4,Large,80,Reject
2026-07-21T18:38:28.380439,375,0,364,492,802,0.3471,Not Damaged,492,44.28,Small,43.4,C
2026-07-21T18:38:28.491677,375,1,395,467,823,0.4694,Not Damaged,466,41.94,Small,36.9,C
2026-07-21T18:38:28.491761,376,496,133,1090,484,0.6152,Not Damaged,594,53.46,Medium,76.4,B
2026-07-21T18:38:28.491786,377,1376,4,1920,1062,0.3787,Damaged,1058,95.22,Large,80,Reject
2026-07-21T18:38:28.491805,378,1345,5,1919,1066,0.3202,Damaged,1061,95.49,Large,80,Reject
2026-07-21T18:38:28.592725,362,17,0,1155,801,0.4475,Not Damaged,1138,102.42,Large,80,A
2026-07-21T18:38:28.592815,370,1509,4,1917,1062,0.4312,Damaged,1058,95.22,Large,80,Reject
2026-07-21T18:38:28.678285,365,21,0,1256,818,0.4856,Not Damaged,1235,111.15,Large,80,A
2026-07-21T18:38:28.678367,370,1543,8,1920,1058,0.3919,Damaged,1050,94.5,Large,80,Reject
2026-07-21T18:38:28.791445,379,147,0,1444,745,0.5762,Not Damaged,1297,116.73,Large,80,A
2026-07-21T18:38:28.886865,379,0,0,1590,819,0.4968,Not Damaged,1590,143.1,Large,80,A
2026-07-21T18:38:28.886952,380,437,0,1579,740,0.3141,Not Damaged,1142,102.78,Large,80,A
2026-07-21T18:38:28.997262,381,700,0,1716,720,0.4087,Damaged,1016,91.44,Large,80,Reject
2026-07-21T18:38:29.249616,382,829,289,1345,664,0.6752,Not Damaged,516,46.44,Small,50.1,C
2026-07-21T18:38:29.329623,382,818,288,1336,663,0.6216,Not Damaged,518,46.62,Small,50.7,C
2026-07-21T18:38:29.412645,382,808,284,1329,675,0.619,Not Damaged,521,46.89,Small,51.5,C
2026-07-21T18:38:29.504625,372,302,356,795,727,0.3039,Not Damaged,493,44.37,Small,43.7,C
2026-07-21T18:38:29.504713,382,809,285,1330,675,0.6608,Not Damaged,521,46.89,Small,51.5,C
2026-07-21T18:38:29.581392,382,808,286,1328,663,0.6221,Not Damaged,520,46.8,Small,51.3,C
2026-07-21T18:38:29.745574,382,780,284,1308,664,0.4057,Not Damaged,528,47.52,Small,53.7,C
2026-07-21T18:38:29.828261,382,772,278,1299,673,0.4988,Not Damaged,527,47.43,Small,53.3,C
2026-07-21T18:38:29.913147,382,782,287,1302,667,0.4001,Not Damaged,520,46.8,Small,51.3,C
2026-07-21T18:38:30.000530,382,786,281,1316,664,0.5506,Not Damaged,530,47.7,Small,54.3,C
2026-07-21T18:38:30.079101,382,793,280,1319,655,0.6635,Not Damaged,526,47.34,Small,53.0,C
2026-07-21T18:38:30.170025,382,789,281,1317,667,0.6529,Not Damaged,528,47.52,Small,53.7,C
2026-07-21T18:38:30.246681,382,785,281,1313,666,0.7062,Not Damaged,528,47.52,Small,53.7,C
2026-07-21T18:38:30.327551,382,781,281,1311,665,0.5824,Not Damaged,530,47.7,Small,54.3,C
2026-07-21T18:38:30.413811,382,782,275,1311,648,0.6912,Not Damaged,529,47.61,Small,54.0,C
2026-07-21T18:38:30.505136,372,275,336,765,715,0.3712,Not Damaged,490,44.1,Small,42.9,C
2026-07-21T18:38:30.505283,382,783,269,1313,647,0.6277,Not Damaged,530,47.7,Small,54.3,C
2026-07-21T18:38:30.589089,372,277,336,765,715,0.3896,Not Damaged,488,43.92,Small,42.4,C
2026-07-21T18:38:30.589177,382,783,271,1315,646,0.6618,Not Damaged,532,47.88,Small,54.9,C
2026-07-21T18:38:30.755097,372,298,325,786,707,0.3173,Not Damaged,488,43.92,Small,42.4,C
2026-07-21T18:38:30.755174,382,807,264,1331,638,0.7119,Damaged,524,47.16,Small,52.4,Reject
2026-07-21T18:38:30.838672,372,300,322,792,705,0.3616,Not Damaged,492,44.28,Small,43.4,C
2026-07-21T18:38:30.838757,382,809,255,1338,640,0.7842,Not Damaged,529,47.61,Small,54.0,C
2026-07-21T18:38:30.914040,382,823,260,1348,639,0.5606,Not Damaged,525,47.25,Small,52.7,C
2026-07-21T18:38:30.996798,383,324,169,1561,726,0.3767,Not Damaged,1237,111.33,Large,80,A
2026-07-21T18:38:31.082871,381,428,12,1893,716,0.4306,Not Damaged,1465,131.85,Large,80,A
2026-07-21T18:38:31.164875,384,597,26,1897,716,0.3071,Not Damaged,1300,117.0,Large,80,A
2026-07-21T18:38:31.347990,383,673,303,1169,646,0.3209,Not Damaged,496,44.64,Small,44.5,C
2026-07-21T18:38:31.348071,385,1178,0,1918,589,0.4457,Damaged,740,66.6,Large,80,Reject
2026-07-21T18:38:31.348096,386,689,1,1160,212,0.4353,Not Damaged,471,42.39,Small,38.1,C
2026-07-21T18:38:31.545569,383,656,302,1164,647,0.3586,Not Damaged,508,45.72,Small,47.8,C
2026-07-21T18:38:31.545652,387,660,783,1145,1080,0.3128,Not Damaged,485,43.65,Small,41.6,C
2026-07-21T18:38:31.621637,381,669,105,1632,641,0.3276,Not Damaged,963,86.67,Large,80,A
2026-07-21T18:38:31.882252,383,659,303,1156,648,0.342,Not Damaged,497,44.73,Small,44.7,C
2026-07-21T18:38:31.882340,385,1159,0,1920,562,0.3112,Not Damaged,761,68.49,Large,80,A
2026-07-21T18:38:32.037510,383,659,318,1148,661,0.3045,Not Damaged,489,44.01,Small,42.6,C
2026-07-21T18:38:32.208504,381,430,21,1903,733,0.3313,Not Damaged,1473,132.57,Large,80,A
2026-07-21T18:38:32.294609,380,273,0,1779,777,0.4951,Not Damaged,1506,135.54,Large,80,A
2026-07-21T18:38:32.377466,379,19,1,1613,834,0.6411,Not Damaged,1594,143.46,Large,80,A
2026-07-21T18:38:32.470380,388,18,2,1426,841,0.4969,Not Damaged,1408,126.72,Large,80,A
2026-07-21T18:38:32.470481,389,1626,11,1920,1058,0.417,Damaged,1047,94.23,Large,80,Reject
2026-07-21T18:38:32.591976,389,1546,8,1920,1062,0.3168,Damaged,1054,94.86,Large,80,Reject
2026-07-21T18:38:32.592078,390,0,487,728,910,0.4563,Not Damaged,728,65.52,Large,80,A
2026-07-21T18:38:32.664217,389,1544,7,1920,1063,0.4032,Damaged,1056,95.04,Large,80,Reject
2026-07-21T18:38:32.787400,380,718,260,1259,581,0.3707,Not Damaged,541,48.69,Small,57.7,C
2026-07-21T18:38:32.787482,389,1537,8,1920,1065,0.3263,Damaged,1057,95.13,Large,80,Reject
2026-07-21T18:38:32.787505,390,1,490,696,922,0.4659,Not Damaged,695,62.55,Large,80,A
2026-07-21T18:38:32.787525,391,716,4,1224,148,0.3268,Not Damaged,508,45.72,Small,47.8,C
2026-07-21T18:38:32.787543,392,718,261,1254,579,0.3241,Not Damaged,536,48.24,Small,56.1,C
2026-07-21T18:38:32.913460,380,713,263,1244,578,0.3876,Not Damaged,531,47.79,Small,54.6,C
2026-07-21T18:38:32.913546,386,707,4,1218,149,0.3436,Not Damaged,511,45.99,Small,48.6,C
2026-07-21T18:38:32.913571,389,1530,7,1920,1063,0.3388,Damaged,1056,95.04,Large,80,Reject
2026-07-21T18:38:32.913590,390,0,490,685,925,0.3818,Not Damaged,685,61.65,Large,80,A
2026-07-21T18:38:32.913609,393,189,493,693,898,0.3082,Not Damaged,504,45.36,Small,46.7,C
2026-07-21T18:38:33.028403,380,710,261,1243,578,0.4554,Not Damaged,533,47.97,Small,55.2,C
2026-07-21T18:38:33.028511,386,708,3,1216,148,0.3432,Not Damaged,508,45.72,Small,47.8,C
2026-07-21T18:38:33.028539,389,1530,7,1920,1063,0.3002,Damaged,1056,95.04,Large,80,Reject
2026-07-21T18:38:33.028559,390,1,490,687,919,0.4579,Not Damaged,686,61.74,Large,80,A
2026-07-21T18:38:33.121846,390,1,468,705,916,0.3987,Not Damaged,704,63.36,Large,80,A
2026-07-21T18:38:33.217537,389,1545,7,1920,1058,0.31,Damaged,1051,94.59,Large,80,Reject
2026-07-21T18:38:33.217623,390,0,471,721,884,0.5367,Not Damaged,721,64.89,Large,80,A
2026-07-21T18:38:33.312574,389,1544,7,1920,1058,0.3055,Damaged,1051,94.59,Large,80,Reject
2026-07-21T18:38:33.312768,390,1,463,731,910,0.3553,Not Damaged,730,65.7,Large,80,A
2026-07-21T18:38:33.312805,392,746,228,1290,543,0.3117,Not Damaged,544,48.96,Small,58.7,C
2026-07-21T18:38:33.421424,392,747,226,1291,544,0.3343,Not Damaged,544,48.96,Small,58.7,C
2026-07-21T18:38:33.421511,394,217,460,733,857,0.4435,Not Damaged,516,46.44,Small,50.1,C
2026-07-21T18:38:33.496990,394,220,461,734,857,0.5914,Not Damaged,514,46.26,Small,49.5,C
2026-07-21T18:38:33.604134,389,1544,7,1919,1059,0.311,Damaged,1052,94.68,Large,80,Reject
2026-07-21T18:38:33.604229,390,0,460,739,878,0.3356,Not Damaged,739,66.51,Large,80,A
2026-07-21T18:38:33.604256,392,761,226,1297,533,0.3064,Not Damaged,536,48.24,Small,56.1,C
2026-07-21T18:38:33.724835,388,111,0,1387,814,0.5258,Not Damaged,1276,114.84,Large,80,A
2026-07-21T18:38:33.724942,389,1570,9,1920,1055,0.3158,Damaged,1046,94.14,Large,80,Reject
2026-07-21T18:38:34.080279,395,122,1,1142,300,0.3648,Damaged,1020,91.8,Large,80,Reject
2026-07-21T18:38:34.329410,387,603,817,1166,1080,0.467,Not Damaged,563,50.67,Medium,65.0,B
2026-07-21T18:38:34.412444,387,607,813,1176,1080,0.5486,Not Damaged,569,51.21,Medium,67.1,B
2026-07-21T18:38:34.496907,387,607,812,1176,1080,0.5535,Not Damaged,569,51.21,Medium,67.1,B
2026-07-21T18:38:34.579476,387,606,809,1176,1080,0.4851,Not Damaged,570,51.3,Medium,67.5,B
2026-07-21T18:38:34.663356,387,609,801,1184,1080,0.4999,Not Damaged,575,51.75,Medium,69.3,B
2026-07-21T18:38:34.745716,387,619,796,1194,1080,0.4195,Not Damaged,575,51.75,Medium,69.3,B
2026-07-21T18:38:34.915631,387,594,801,1173,1080,0.4588,Not Damaged,579,52.11,Medium,70.8,B
2026-07-21T18:38:35.010646,387,590,807,1163,1080,0.3857,Not Damaged,573,51.57,Medium,68.6,B
2026-07-21T18:38:35.231423,396,610,543,1182,1010,0.7319,Not Damaged,572,51.48,Medium,68.2,B
2026-07-21T18:38:35.231527,397,1196,201,1692,611,0.4514,Not Damaged,496,44.64,Small,44.5,C
2026-07-21T18:38:35.231557,398,124,108,609,522,0.3865,Not Damaged,485,43.65,Small,41.6,C
2026-07-21T18:38:35.363445,396,621,540,1191,996,0.4468,Not Damaged,570,51.3,Medium,67.5,B
2026-07-21T18:38:35.363542,397,1208,206,1697,594,0.3203,Not Damaged,489,44.01,Small,42.6,C
2026-07-21T18:38:35.363568,398,157,108,621,505,0.364,Not Damaged,464,41.76,Small,36.4,C
2026-07-21T18:38:35.363587,399,624,541,1191,976,0.4385,Not Damaged,567,51.03,Medium,66.4,B
2026-07-21T18:38:35.465397,396,633,560,1191,998,0.4441,Not Damaged,558,50.22,Medium,63.3,B
2026-07-21T18:38:35.465483,399,630,556,1196,1019,0.3169,Not Damaged,566,50.94,Medium,66.1,B
2026-07-21T18:38:35.561424,396,640,560,1199,984,0.4151,Not Damaged,559,50.31,Medium,63.7,B
2026-07-21T18:38:35.561513,399,639,554,1200,970,0.3096,Not Damaged,561,50.49,Medium,64.4,B
2026-07-21T18:38:35.690514,396,644,559,1203,999,0.3758,Not Damaged,559,50.31,Medium,63.7,B
2026-07-21T18:38:35.822711,396,635,559,1197,1007,0.4596,Not Damaged,562,50.58,Medium,64.7,B
2026-07-21T18:38:35.919076,396,648,561,1203,1001,0.5222,Not Damaged,555,49.95,Small,62.3,C
2026-07-21T18:38:36.013947,400,649,464,1697,979,0.596,Not Damaged,1048,94.32,Large,80,A
2026-07-21T18:38:36.123286,380,663,187,1204,619,0.3227,Not Damaged,541,48.69,Small,57.7,C
2026-07-21T18:38:36.205006,401,664,129,1203,541,0.4464,Not Damaged,539,48.51,Small,57.1,C
2026-07-21T18:38:36.292668,401,662,132,1202,543,0.3963,Not Damaged,540,48.6,Small,57.4,C
2026-07-21T18:38:36.370890,401,667,133,1204,542,0.3863,Not Damaged,537,48.33,Small,56.4,C
2026-07-21T18:38:36.473233,401,665,131,1206,540,0.3167,Not Damaged,541,48.69,Small,57.7,C
2026-07-21T18:38:36.473322,402,658,665,1211,1080,0.4023,Not Damaged,553,49.77,Small,61.6,C
2026-07-21T18:38:36.590307,401,677,137,1213,546,0.332,Not Damaged,536,48.24,Small,56.1,C
2026-07-21T18:38:36.590415,402,669,665,1217,1080,0.4554,Not Damaged,548,49.32,Small,60.0,C
2026-07-21T18:38:36.676890,401,676,137,1213,546,0.3402,Not Damaged,537,48.33,Small,56.4,C
2026-07-21T18:38:36.676981,402,669,666,1217,1080,0.4492,Not Damaged,548,49.32,Small,60.0,C
2026-07-21T18:38:36.802139,401,680,137,1215,545,0.3116,Not Damaged,535,48.15,Small,55.8,C
2026-07-21T18:38:36.802282,402,671,665,1221,1080,0.46,Not Damaged,550,49.5,Small,60.6,C
2026-07-21T18:38:36.937235,403,663,108,1695,597,0.3182,Not Damaged,1032,92.88,Large,80,A
2026-07-21T18:38:37.063907,404,0,1,641,1080,0.4669,Not Damaged,1079,97.11,Large,80,A
2026-07-21T18:38:37.064019,405,670,299,1213,927,0.4364,Not Damaged,628,56.52,Medium,80,B
2026-07-21T18:38:37.064045,406,665,300,1220,925,0.423,Not Damaged,625,56.25,Medium,80,B
2026-07-21T18:38:37.173233,407,669,232,1219,808,0.4796,Damaged,576,51.84,Medium,69.7,Reject
2026-07-21T18:38:37.173320,408,672,232,1215,804,0.4053,Damaged,572,51.48,Medium,68.2,Reject
2026-07-21T18:38:37.255788,407,675,228,1222,807,0.4621,Not Damaged,579,52.11,Medium,70.8,B
2026-07-21T18:38:37.255873,408,676,228,1220,798,0.429,Damaged,570,51.3,Medium,67.5,Reject
2026-07-21T18:38:37.342731,407,671,226,1221,803,0.4811,Damaged,577,51.93,Medium,70.0,Reject
2026-07-21T18:38:37.342827,408,674,225,1219,794,0.394,Not Damaged,569,51.21,Medium,67.1,B
2026-07-21T18:38:37.456534,407,675,206,1223,774,0.7095,Damaged,568,51.12,Medium,66.8,Reject
2026-07-21T18:38:37.549754,407,673,167,1230,741,0.5459,Damaged,574,51.66,Medium,68.9,Reject
2026-07-21T18:38:37.549858,409,672,167,1233,735,0.3876,Damaged,568,51.12,Medium,66.8,Reject
2026-07-21T18:38:37.634552,380,678,156,1242,731,0.5381,Damaged,575,51.75,Medium,69.3,Reject
2026-07-21T18:38:37.634637,407,676,156,1245,734,0.4791,Damaged,578,52.02,Medium,70.4,Reject
2026-07-21T18:38:37.731370,380,682,165,1244,735,0.5117,Damaged,570,51.3,Medium,67.5,Reject
2026-07-21T18:38:37.731461,407,682,164,1245,737,0.4708,Damaged,573,51.57,Medium,68.6,Reject
2026-07-21T18:38:37.731487,410,3,786,659,1080,0.3046,Not Damaged,656,59.04,Medium,80,B
2026-07-21T18:38:37.845420,404,0,23,659,1080,0.5264,Not Damaged,1057,95.13,Large,80,A
2026-07-21T18:38:37.845512,411,686,7,1234,434,0.6292,Damaged,548,49.32,Small,60.0,Reject
2026-07-21T18:38:37.974171,412,1260,469,1773,1080,0.8082,Not Damaged,611,54.99,Medium,80,B
2026-07-21T18:38:37.974261,413,183,333,657,902,0.6821,Not Damaged,569,51.21,Medium,67.1,B
2026-07-21T18:38:37.974286,414,687,5,1234,253,0.4793,Damaged,547,49.23,Small,59.7,Reject
2026-07-21T18:38:38.100451,412,1266,464,1772,1080,0.7863,Not Damaged,616,55.44,Medium,80,B
2026-07-21T18:38:38.100544,413,188,332,663,896,0.6674,Not Damaged,564,50.76,Medium,65.4,B
2026-07-21T18:38:38.100570,414,689,4,1236,249,0.3997,Not Damaged,547,49.23,Small,59.7,C
2026-07-21T18:38:38.227811,412,1267,467,1769,1080,0.7721,Not Damaged,613,55.17,Medium,80,B
2026-07-21T18:38:38.227911,413,187,332,665,901,0.6936,Not Damaged,569,51.21,Medium,67.1,B
2026-07-21T18:38:38.227939,414,697,4,1238,266,0.4057,Damaged,541,48.69,Small,57.7,Reject
2026-07-21T18:38:38.359070,412,1266,465,1772,1080,0.7814,Not Damaged,615,55.35,Medium,80,B
2026-07-21T18:38:38.359165,413,177,332,665,903,0.6144,Not Damaged,571,51.39,Medium,67.9,B
2026-07-21T18:38:38.359192,414,700,4,1237,267,0.3978,Damaged,537,48.33,Small,56.4,Reject
2026-07-21T18:38:38.359213,415,693,5,1236,255,0.4245,Not Damaged,543,48.87,Small,58.4,C
2026-07-21T18:38:38.472826,412,1260,458,1764,1080,0.7532,Not Damaged,622,55.98,Medium,80,B
2026-07-21T18:38:38.472914,413,190,327,661,887,0.6458,Not Damaged,560,50.4,Medium,64.0,B
2026-07-21T18:38:38.472940,414,689,5,1233,249,0.4522,Not Damaged,544,48.96,Small,58.7,C
2026-07-21T18:38:38.598327,412,1254,467,1778,1080,0.6951,Not Damaged,613,55.17,Medium,80,B
2026-07-21T18:38:38.598436,413,187,334,656,890,0.6786,Not Damaged,556,50.04,Medium,62.7,B
2026-07-21T18:38:38.598461,414,687,5,1229,253,0.48,Not Damaged,542,48.78,Small,58.0,C
2026-07-21T18:38:38.724725,412,1251,470,1789,1080,0.6568,Not Damaged,610,54.9,Medium,80,B
2026-07-21T18:38:38.724821,413,185,336,654,890,0.679,Not Damaged,554,49.86,Small,62.0,C
2026-07-21T18:38:38.724846,414,686,5,1228,255,0.4147,Not Damaged,542,48.78,Small,58.0,C
2026-07-21T18:38:38.839416,412,1248,479,1773,1080,0.6707,Not Damaged,601,54.09,Medium,79.1,B
2026-07-21T18:38:38.839498,413,189,343,654,903,0.635,Not Damaged,560,50.4,Medium,64.0,B
2026-07-21T18:38:38.933642,412,1244,481,1742,1080,0.7263,Not Damaged,599,53.91,Medium,78.3,B
2026-07-21T18:38:38.933756,413,184,345,647,904,0.687,Not Damaged,559,50.31,Medium,63.7,B
2026-07-21T18:38:38.933785,414,687,6,1213,281,0.3715,Damaged,526,47.34,Small,53.0,Reject
2026-07-21T18:38:39.059292,412,1243,485,1819,1080,0.7419,Not Damaged,595,53.55,Medium,76.8,B
2026-07-21T18:38:39.059393,413,183,347,646,907,0.6334,Not Damaged,560,50.4,Medium,64.0,B
2026-07-21T18:38:39.059424,414,687,5,1213,283,0.4298,Not Damaged,526,47.34,Small,53.0,C
2026-07-21T18:38:39.182903,412,1242,488,1813,1080,0.7815,Not Damaged,592,53.28,Medium,75.6,B
2026-07-21T18:38:39.182990,413,183,350,645,915,0.6078,Not Damaged,565,50.85,Medium,65.7,B
2026-07-21T18:38:39.183014,414,685,4,1212,292,0.47,Damaged,527,47.43,Small,53.3,Reject
2026-07-21T18:38:39.310275,412,1248,488,1825,1080,0.7058,Not Damaged,592,53.28,Medium,75.6,B
2026-07-21T18:38:39.310357,413,186,351,660,917,0.4484,Not Damaged,566,50.94,Medium,66.1,B
2026-07-21T18:38:39.310383,414,694,4,1217,293,0.4365,Damaged,523,47.07,Small,52.1,Reject
2026-07-21T18:38:39.441480,412,1257,483,1766,1080,0.6543,Not Damaged,597,53.73,Medium,77.6,B
2026-07-21T18:38:39.441571,413,190,349,670,914,0.4201,Not Damaged,565,50.85,Medium,65.7,B
2026-07-21T18:38:39.441597,414,706,4,1227,293,0.5353,Damaged,521,46.89,Small,51.5,Reject
2026-07-21T18:38:39.551993,416,1255,236,1791,1043,0.4893,Not Damaged,807,72.63,Large,80,A
2026-07-21T18:38:39.552086,417,202,136,674,650,0.3877,Not Damaged,514,46.26,Small,49.5,C
2026-07-21T18:38:39.683001,418,1260,168,1779,962,0.7198,Not Damaged,794,71.46,Large,80,A
2026-07-21T18:38:39.683113,419,210,56,689,571,0.4377,Not Damaged,515,46.35,Small,49.8,C
2026-07-21T18:38:39.806011,418,1256,184,1800,969,0.8273,Not Damaged,785,70.65,Large,80,A
2026-07-21T18:38:39.806108,419,215,63,692,583,0.4573,Not Damaged,520,46.8,Small,51.3,C
2026-07-21T18:38:39.922846,418,1252,191,1793,978,0.7896,Not Damaged,787,70.83,Large,80,A
2026-07-21T18:38:39.922937,419,210,70,690,584,0.5105,Not Damaged,514,46.26,Small,49.5,C
2026-07-21T18:38:40.009994,418,1253,196,1805,981,0.8053,Not Damaged,785,70.65,Large,80,A
2026-07-21T18:38:40.010088,419,210,76,692,586,0.597,Not Damaged,510,45.9,Small,48.4,C
2026-07-21T18:38:40.096371,418,1253,195,1810,978,0.8183,Not Damaged,783,70.47,Large,80,A
2026-07-21T18:38:40.096784,419,210,76,693,585,0.5865,Not Damaged,509,45.81,Small,48.1,C
2026-07-21T18:38:40.217459,418,1251,190,1798,972,0.8219,Not Damaged,782,70.38,Large,80,A
2026-07-21T18:38:40.217558,419,204,70,686,585,0.5009,Not Damaged,515,46.35,Small,49.8,C
2026-07-21T18:38:40.300039,418,1250,188,1808,972,0.8422,Not Damaged,784,70.56,Large,80,A
2026-07-21T18:38:40.300124,419,200,67,681,586,0.4793,Not Damaged,519,46.71,Small,51.0,C
2026-07-21T18:38:40.391350,418,1250,191,1807,975,0.8246,Not Damaged,784,70.56,Large,80,A
2026-07-21T18:38:40.391461,419,202,72,684,586,0.5318,Not Damaged,514,46.26,Small,49.5,C
2026-07-21T18:38:40.526151,418,1252,152,1767,949,0.5211,Not Damaged,797,71.73,Large,80,A
2026-07-21T18:38:40.526249,419,212,40,690,612,0.3425,Not Damaged,572,51.48,Medium,68.2,B
2026-07-21T18:38:40.526274,420,1251,151,1741,957,0.5055,Not Damaged,806,72.54,Large,80,A
2026-07-21T18:38:40.620824,421,1247,4,1721,698,0.5768,Not Damaged,694,62.46,Large,80,A
2026-07-21T18:38:40.712411,422,1250,4,1716,584,0.4121,Not Damaged,580,52.2,Medium,71.1,B
2026-07-21T18:38:40.712501,423,249,3,698,207,0.3197,Not Damaged,449,40.41,Small,33.0,C
2026-07-21T18:38:40.796897,422,1252,2,1722,587,0.7912,Not Damaged,585,52.65,Medium,73.0,B
2026-07-21T18:38:40.796984,424,704,735,1254,1080,0.3415,Damaged,550,49.5,Small,60.6,Reject
2026-07-21T18:38:40.871730,422,1252,2,1720,582,0.793,Not Damaged,580,52.2,Medium,71.1,B
2026-07-21T18:38:40.954226,422,1250,2,1716,582,0.798,Not Damaged,580,52.2,Medium,71.1,B
2026-07-21T18:38:41.049909,422,1249,2,1715,589,0.8135,Not Damaged,587,52.83,Medium,73.7,B
2026-07-21T18:38:41.050016,424,699,734,1248,1080,0.3441,Damaged,549,49.41,Small,60.3,Reject
2026-07-21T18:38:41.133519,422,1253,2,1722,568,0.6457,Not Damaged,566,50.94,Medium,66.1,B
2026-07-21T18:38:41.133681,424,710,732,1256,1080,0.3271,Damaged,546,49.14,Small,59.3,Reject
2026-07-21T18:38:41.229354,422,1263,1,1772,552,0.7245,Not Damaged,551,49.59,Small,61.0,C
2026-07-21T18:38:41.229447,423,258,0,714,185,0.3915,Not Damaged,456,41.04,Small,34.6,C
2026-07-21T18:38:41.229473,424,715,725,1270,1080,0.4111,Damaged,555,49.95,Small,62.3,Reject
2026-07-21T18:38:41.381381,422,1275,2,1761,535,0.8028,Not Damaged,533,47.97,Small,55.2,C
2026-07-21T18:38:41.381492,423,270,1,724,163,0.5347,Not Damaged,454,40.86,Small,34.1,C
2026-07-21T18:38:41.381517,424,725,716,1280,1080,0.523,Damaged,555,49.95,Small,62.3,Reject
2026-07-21T18:38:41.381538,425,1289,661,1775,1080,0.3754,Not Damaged,486,43.74,Small,41.8,C
2026-07-21T18:38:41.381556,426,232,256,712,631,0.3142,Not Damaged,480,43.2,Small,40.3,C
2026-07-21T18:38:41.466170,412,1282,477,1756,1069,0.3875,Not Damaged,592,53.28,Medium,75.6,B
2026-07-21T18:38:41.542240,418,1285,221,1757,801,0.3546,Damaged,580,52.2,Medium,71.1,Reject
2026-07-21T18:38:41.628556,418,1291,196,1761,735,0.6726,Damaged,539,48.51,Small,57.1,Reject
2026-07-21T18:38:41.628645,424,720,759,1272,1079,0.4635,Not Damaged,552,49.68,Small,61.3,C
2026-07-21T18:38:41.711500,418,1295,191,1765,732,0.6772,Damaged,541,48.69,Small,57.7,Reject
2026-07-21T18:38:41.788979,418,1293,190,1764,732,0.665,Damaged,542,48.78,Small,58.0,Reject
2026-07-21T18:38:41.882834,418,1293,190,1763,731,0.6529,Damaged,541,48.69,Small,57.7,Reject
2026-07-21T18:38:41.882910,424,717,755,1274,1073,0.4481,Not Damaged,557,50.13,Medium,63.0,B
2026-07-21T18:38:41.965923,418,1290,191,1762,735,0.6948,Damaged,544,48.96,Small,58.7,Reject
2026-07-21T18:38:41.966023,424,718,758,1270,1077,0.5322,Not Damaged,552,49.68,Small,61.3,C
2026-07-21T18:38:42.058923,418,1288,200,1758,738,0.7257,Damaged,538,48.42,Small,56.8,Reject
2026-07-21T18:38:42.059026,424,719,763,1267,1080,0.3966,Not Damaged,548,49.32,Small,60.0,C
2026-07-21T18:38:42.059053,427,719,220,1275,620,0.3939,Not Damaged,556,50.04,Medium,62.7,B
2026-07-21T18:38:42.180292,418,1283,202,1756,741,0.726,Damaged,539,48.51,Small,57.1,Reject
2026-07-21T18:38:42.180400,424,717,767,1263,1080,0.4156,Not Damaged,546,49.14,Small,59.3,C
2026-07-21T18:38:42.180425,427,719,228,1269,620,0.4779,Damaged,550,49.5,Small,60.6,Reject
2026-07-21T18:38:42.308550,418,1278,208,1751,744,0.6239,Damaged,536,48.24,Small,56.1,Reject
2026-07-21T18:38:42.308657,427,718,236,1262,628,0.3034,Damaged,544,48.96,Small,58.7,Reject
2026-07-21T18:38:42.448254,418,1272,213,1747,745,0.5432,Damaged,532,47.88,Small,54.9,Reject
2026-07-21T18:38:42.448365,427,716,241,1256,631,0.3104,Damaged,540,48.6,Small,57.4,Reject
2026-07-21T18:38:42.448392,428,703,774,1717,1080,0.3148,Not Damaged,1014,91.26,Large,80,A
2026-07-21T18:38:42.564966,421,1264,110,1734,630,0.3398,Damaged,520,46.8,Small,51.3,Reject
2026-07-21T18:38:42.565057,429,705,662,1250,1017,0.3537,Not Damaged,545,49.05,Small,59.0,C
2026-07-21T18:38:42.565081,430,1265,111,1736,638,0.3186,Damaged,527,47.43,Small,53.3,Reject
2026-07-21T18:38:42.664853,431,703,78,1742,1080,0.7409,Not Damaged,1039,93.51,Large,80,A
2026-07-21T18:38:42.765086,431,709,140,1725,1080,0.5253,Not Damaged,1016,91.44,Large,80,A
2026-07-21T18:38:42.765187,432,4,645,690,1080,0.4917,Not Damaged,686,61.74,Large,80,A
2026-07-21T18:38:42.898343,431,711,130,1735,1080,0.3291,Not Damaged,1024,92.16,Large,80,A
2026-07-21T18:38:42.898467,432,3,663,690,1080,0.3757,Not Damaged,687,61.83,Large,80,A
2026-07-21T18:38:42.898491,433,702,121,1728,1080,0.4336,Not Damaged,1026,92.34,Large,80,A
2026-07-21T18:38:43.007989,431,707,129,1729,1080,0.402,Not Damaged,1022,91.98,Large,80,A
2026-07-21T18:38:43.008069,432,2,667,688,1080,0.3486,Not Damaged,686,61.74,Large,80,A
2026-07-21T18:38:43.081266,431,706,125,1737,1080,0.376,Not Damaged,1031,92.79,Large,80,A
2026-07-21T18:38:43.245818,434,1257,272,1840,966,0.3294,Not Damaged,694,62.46,Large,80,A
2026-07-21T18:38:43.329657,434,1259,272,1869,971,0.3372,Not Damaged,699,62.91,Large,80,A
2026-07-21T18:38:43.416286,434,1257,277,1877,957,0.3246,Not Damaged,680,61.2,Large,80,A
2026-07-21T18:38:43.501031,431,686,165,1708,1080,0.3956,Not Damaged,1022,91.98,Large,80,A
2026-07-21T18:38:43.599513,431,691,149,1702,1080,0.3312,Not Damaged,1011,90.99,Large,80,A
2026-07-21T18:38:43.599598,433,680,145,1706,1080,0.3671,Not Damaged,1026,92.34,Large,80,A
2026-07-21T18:38:43.709830,431,694,138,1696,1080,0.6761,Damaged,1002,90.18,Large,80,Reject
2026-07-21T18:38:43.806063,435,707,34,1720,1043,0.6104,Not Damaged,1013,91.17,Large,80,A
2026-07-21T18:38:43.806155,436,0,156,684,1080,0.4969,Damaged,924,83.16,Large,80,Reject
2026-07-21T18:38:43.926293,437,0,31,681,1011,0.3802,Damaged,980,88.2,Large,80,Reject
2026-07-21T18:38:43.926388,438,705,7,1717,877,0.3339,Not Damaged,1012,91.08,Large,80,A
2026-07-21T18:38:44.076079,437,0,22,691,1001,0.4856,Damaged,979,88.11,Large,80,Reject
2026-07-21T18:38:44.076163,438,710,4,1745,901,0.3295,Not Damaged,1035,93.15,Large,80,A
2026-07-21T18:38:44.076188,439,707,192,1243,824,0.3829,Not Damaged,632,56.88,Medium,80,B
2026-07-21T18:38:44.076206,440,707,3,1496,827,0.3726,Not Damaged,824,74.16,Large,80,A
2026-07-21T18:38:44.190939,436,2,324,694,994,0.3523,Not Damaged,692,62.28,Large,80,A
2026-07-21T18:38:44.191019,437,0,16,694,999,0.414,Damaged,983,88.47,Large,80,Reject
2026-07-21T18:38:44.191042,439,708,224,1243,823,0.4514,Not Damaged,599,53.91,Medium,78.3,B
2026-07-21T18:38:44.294730,438,707,4,1739,890,0.3601,Not Damaged,1032,92.88,Large,80,A
2026-07-21T18:38:44.375368,438,709,4,1763,897,0.3371,Not Damaged,1054,94.86,Large,80,A
2026-07-21T18:38:44.546421,441,14,0,1841,1080,0.873,Not Damaged,1827,164.43,Large,80,A
2026-07-21T18:38:44.651421,442,1542,7,1920,1063,0.8344,Damaged,1056,95.04,Large,80,Reject
2026-07-21T18:38:44.651508,443,1,0,1108,1053,0.7924,Damaged,1107,99.63,Large,80,Reject
2026-07-21T18:38:44.651534,444,1330,8,1920,1069,0.4373,Not Damaged,1061,95.49,Large,80,A
2026-07-21T18:38:44.782133,418,1026,4,1920,928,0.5882,Damaged,924,83.16,Large,80,Reject
2026-07-21T18:38:44.782218,439,0,4,1882,1080,0.3987,Not Damaged,1882,169.38,Large,80,A
2026-07-21T18:38:44.782242,443,0,5,1153,1079,0.6318,Not Damaged,1153,103.77,Large,80,A
2026-07-21T18:38:44.881440,439,33,0,1920,1080,0.7304,Damaged,1887,169.83,Large,80,Reject
2026-07-21T18:38:45.050867,441,6,0,1794,1080,0.3467,Damaged,1788,160.92,Large,80,Reject
2026-07-21T18:38:45.166867,439,22,0,1887,1080,0.6512,Damaged,1865,167.85,Large,80,Reject
2026-07-21T18:38:45.251236,439,36,0,1893,1080,0.6176,Damaged,1857,167.13,Large,80,Reject
2026-07-21T18:38:45.335818,439,14,0,1835,1080,0.6862,Damaged,1821,163.89,Large,80,Reject
2026-07-21T18:38:45.414827,439,13,82,1895,1077,0.7838,Not Damaged,1882,169.38,Large,80,A
2026-07-21T18:38:45.497573,445,1,3,910,1071,0.6883,Damaged,1068,96.12,Large,80,Reject
2026-07-21T18:38:45.580420,445,1,4,962,1059,0.4399,Not Damaged,1055,94.95,Large,80,A
2026-07-21T18:38:45.664325,446,0,0,1916,1051,0.6482,Damaged,1916,172.44,Large,80,Reject
2026-07-21T18:38:45.746214,439,9,0,1908,1071,0.6015,Damaged,1899,170.91,Large,80,Reject
2026-07-21T18:38:45.832662,439,10,0,1909,1075,0.5702,Damaged,1899,170.91,Large,80,Reject
2026-07-21T18:38:45.922968,439,3,0,1912,1055,0.6347,Damaged,1909,171.81,Large,80,Reject
